Product,SKU,Inventory Item ID,Quantity
"Preciosa & Jablonex Extra 2-Cut Glass Chaton Rose Flatback Rhinestones 8ss – 10 Gross (1,440 pcs) (CRYSTAL)",11110-8ss-00030,gid://shopify/InventoryItem/46880545407045,15
"Preciosa & Jablonex Extra 2-Cut Glass Chaton Rose Flatback Rhinestones 8ss – 10 Gross (1,440 pcs) (TOPAZ)",11110-8ss-10070,gid://shopify/InventoryItem/46944122765381,15
"Preciosa & Jablonex Extra 2-Cut Glass Chaton Rose Flatback Rhinestones 8ss – 10 Gross (1,440 pcs) (SMOKE TOPAZ)",11110-8ss-10220,gid://shopify/InventoryItem/46944122798149,15
"Preciosa & Jablonex Extra 2-Cut Glass Chaton Rose Flatback Rhinestones 8ss – 10 Gross (1,440 pcs) (LIGHT AMETHYST)",11110-8ss-20020,gid://shopify/InventoryItem/46944122830917,15
"Preciosa & Jablonex Extra 2-Cut Glass Chaton Rose Flatback Rhinestones 8ss – 10 Gross (1,440 pcs) (AMETHYST)",11110-8ss-20050,gid://shopify/InventoryItem/46944122863685,15
"Preciosa & Jablonex Extra 2-Cut Glass Chaton Rose Flatback Rhinestones 8ss – 10 Gross (1,440 pcs) (JET BLACK)",11110-8ss-23980,gid://shopify/InventoryItem/46944122896453,15
"Preciosa & Jablonex Extra 2-Cut Glass Chaton Rose Flatback Rhinestones 8ss – 10 Gross (1,440 pcs) (LIGHT SAPPHIRE)",11110-8ss-30020,gid://shopify/InventoryItem/46944122929221,15
"Preciosa & Jablonex Extra 2-Cut Glass Chaton Rose Flatback Rhinestones 8ss – 10 Gross (1,440 pcs) (SAPPHIRE)",11110-8ss-30050,gid://shopify/InventoryItem/46944122961989,15
"Preciosa & Jablonex Extra 2-Cut Glass Chaton Rose Flatback Rhinestones 8ss – 10 Gross (1,440 pcs) (DARK SAPPHIRE)",11110-8ss-30080,gid://shopify/InventoryItem/46947909304389,15
"Preciosa & Jablonex Extra 2-Cut Glass Chaton Rose Flatback Rhinestones 8ss – 10 Gross (1,440 pcs) (MONTANA SAPPHIRE)",11110-8ss-30340,gid://shopify/InventoryItem/46944122994757,15
"Preciosa & Jablonex Extra 2-Cut Glass Chaton Rose Flatback Rhinestones 10ss – 10 Gross (1,440 pcs) (CRYSTAL)",11110-10ss-00030,gid://shopify/InventoryItem/46945634254917,15
"Preciosa & Jablonex Extra 2-Cut Glass Chaton Rose Flatback Rhinestones 10ss – 10 Gross (1,440 pcs) (TOPAZ)",11110-10ss-10070,gid://shopify/InventoryItem/46945634287685,15
"Preciosa & Jablonex Extra 2-Cut Glass Chaton Rose Flatback Rhinestones 10ss – 10 Gross (1,440 pcs) (SMOKE TOPAZ)",11110-10ss-10220,gid://shopify/InventoryItem/46945634320453,15
"Preciosa & Jablonex Extra 2-Cut Glass Chaton Rose Flatback Rhinestones 10ss – 10 Gross (1,440 pcs) (LIGHT AMETHYST)",11110-10ss-20020,gid://shopify/InventoryItem/46945634353221,15
"Preciosa & Jablonex Extra 2-Cut Glass Chaton Rose Flatback Rhinestones 10ss – 10 Gross (1,440 pcs) (AMETHYST)",11110-10ss-20050,gid://shopify/InventoryItem/46945634385989,15
"Preciosa & Jablonex Extra 2-Cut Glass Chaton Rose Flatback Rhinestones 10ss – 10 Gross (1,440 pcs) (JET BLACK)",11110-10ss-23980,gid://shopify/InventoryItem/46945634418757,15
"Preciosa & Jablonex Extra 2-Cut Glass Chaton Rose Flatback Rhinestones 10ss – 10 Gross (1,440 pcs) (LIGHT SAPPHIRE)",11110-10ss-30020,gid://shopify/InventoryItem/46945634451525,15
"Preciosa & Jablonex Extra 2-Cut Glass Chaton Rose Flatback Rhinestones 10ss – 10 Gross (1,440 pcs) (SAPPHIRE)",11110-10ss-30050,gid://shopify/InventoryItem/46945634484293,15
"Preciosa & Jablonex Extra 2-Cut Glass Chaton Rose Flatback Rhinestones 10ss – 10 Gross (1,440 pcs) (DARK SAPPHIRE)",11110-10ss-30080,gid://shopify/InventoryItem/46947966713925,15
"Preciosa & Jablonex Extra 2-Cut Glass Chaton Rose Flatback Rhinestones 10ss – 10 Gross (1,440 pcs) (MONTANA SAPPHIRE)",11110-10ss-30340,gid://shopify/InventoryItem/46945634517061,15
"Preciosa & Jablonex Extra 2-Cut Glass Chaton Rose Flatback Rhinestones 12ss – 10 Gross (1,440 pcs) (CRYSTAL)",11110-12ss-00030,gid://shopify/InventoryItem/46945683112005,15
"Preciosa & Jablonex Extra 2-Cut Glass Chaton Rose Flatback Rhinestones 12ss – 10 Gross (1,440 pcs) (TOPAZ)",11110-12ss-10070,gid://shopify/InventoryItem/46945683144773,15
"Preciosa & Jablonex Extra 2-Cut Glass Chaton Rose Flatback Rhinestones 12ss – 10 Gross (1,440 pcs) (SMOKE TOPAZ)",11110-12ss-10220,gid://shopify/InventoryItem/46945683177541,15
"Preciosa & Jablonex Extra 2-Cut Glass Chaton Rose Flatback Rhinestones 12ss – 10 Gross (1,440 pcs) (LIGHT AMETHYST)",11110-12ss-20020,gid://shopify/InventoryItem/46945683210309,15
"Preciosa & Jablonex Extra 2-Cut Glass Chaton Rose Flatback Rhinestones 12ss – 10 Gross (1,440 pcs) (AMETHYST)",11110-12ss-20050,gid://shopify/InventoryItem/46945683243077,15
"Preciosa & Jablonex Extra 2-Cut Glass Chaton Rose Flatback Rhinestones 12ss – 10 Gross (1,440 pcs) (JET BLACK)",11110-12ss-23980,gid://shopify/InventoryItem/46945683275845,15
"Preciosa & Jablonex Extra 2-Cut Glass Chaton Rose Flatback Rhinestones 12ss – 10 Gross (1,440 pcs) (LIGHT SAPPHIRE)",11110-12ss-30020,gid://shopify/InventoryItem/46945683308613,15
"Preciosa & Jablonex Extra 2-Cut Glass Chaton Rose Flatback Rhinestones 12ss – 10 Gross (1,440 pcs) (SAPPHIRE)",11110-12ss-30050,gid://shopify/InventoryItem/46945683341381,15
"Preciosa & Jablonex Extra 2-Cut Glass Chaton Rose Flatback Rhinestones 12ss – 10 Gross (1,440 pcs) (DARK SAPPHIRE)",11110-12ss-30080,gid://shopify/InventoryItem/46947984965701,15
"Preciosa & Jablonex Extra 2-Cut Glass Chaton Rose Flatback Rhinestones 12ss – 10 Gross (1,440 pcs) (MONTANA SAPPHIRE)",11110-12ss-30340,gid://shopify/InventoryItem/46945683374149,15
"Preciosa & Jablonex Extra 2-Cut Glass Chaton Rose Flatback Rhinestones 16ss – 10 Gross (1,440 pcs) (CRYSTAL)",11110-16ss-00030,gid://shopify/InventoryItem/46945711751237,15
"Preciosa & Jablonex Extra 2-Cut Glass Chaton Rose Flatback Rhinestones 16ss – 10 Gross (1,440 pcs) (TOPAZ)",11110-16ss-10070,gid://shopify/InventoryItem/46945711784005,15
"Preciosa & Jablonex Extra 2-Cut Glass Chaton Rose Flatback Rhinestones 16ss – 10 Gross (1,440 pcs) (SMOKE TOPAZ)",11110-16ss-10220,gid://shopify/InventoryItem/46945711816773,15
"Preciosa & Jablonex Extra 2-Cut Glass Chaton Rose Flatback Rhinestones 16ss – 10 Gross (1,440 pcs) (LIGHT AMETHYST)",11110-16ss-20020,gid://shopify/InventoryItem/46945711849541,15
"Preciosa & Jablonex Extra 2-Cut Glass Chaton Rose Flatback Rhinestones 16ss – 10 Gross (1,440 pcs) (AMETHYST)",11110-16ss-20050,gid://shopify/InventoryItem/46945711882309,15
"Preciosa & Jablonex Extra 2-Cut Glass Chaton Rose Flatback Rhinestones 16ss – 10 Gross (1,440 pcs) (JET BLACK)",11110-16ss-23980,gid://shopify/InventoryItem/46945711915077,15
"Preciosa & Jablonex Extra 2-Cut Glass Chaton Rose Flatback Rhinestones 16ss – 10 Gross (1,440 pcs) (LIGHT SAPPHIRE)",11110-16ss-30020,gid://shopify/InventoryItem/46945711947845,15
"Preciosa & Jablonex Extra 2-Cut Glass Chaton Rose Flatback Rhinestones 16ss – 10 Gross (1,440 pcs) (SAPPHIRE)",11110-16ss-30050,gid://shopify/InventoryItem/46945711980613,15
"Preciosa & Jablonex Extra 2-Cut Glass Chaton Rose Flatback Rhinestones 16ss – 10 Gross (1,440 pcs) (DARK SAPPHIRE)",11110-16ss-30080,gid://shopify/InventoryItem/46947990569029,15
"Preciosa & Jablonex Extra 2-Cut Glass Chaton Rose Flatback Rhinestones 16ss – 10 Gross (1,440 pcs) (MONTANA SAPPHIRE)",11110-16ss-30340,gid://shopify/InventoryItem/46945712013381,15
"Preciosa & Jablonex Extra 2-Cut Glass Chaton Rose Flatback Rhinestones 20ss – 10 Gross (1,440 pcs) (CRYSTAL)",11110-20ss-00030,gid://shopify/InventoryItem/46947554951237,15
"Preciosa & Jablonex Extra 2-Cut Glass Chaton Rose Flatback Rhinestones 20ss – 10 Gross (1,440 pcs) (TOPAZ)",11110-20ss-10070,gid://shopify/InventoryItem/46947554984005,15
"Preciosa & Jablonex Extra 2-Cut Glass Chaton Rose Flatback Rhinestones 20ss – 10 Gross (1,440 pcs) (SMOKE TOPAZ)",11110-20ss-10220,gid://shopify/InventoryItem/46947555016773,15
"Preciosa & Jablonex Extra 2-Cut Glass Chaton Rose Flatback Rhinestones 20ss – 10 Gross (1,440 pcs) (LIGHT AMETHYST)",11110-20ss-20020,gid://shopify/InventoryItem/46947555049541,15
"Preciosa & Jablonex Extra 2-Cut Glass Chaton Rose Flatback Rhinestones 20ss – 10 Gross (1,440 pcs) (AMETHYST)",11110-20ss-20050,gid://shopify/InventoryItem/46947555082309,15
"Preciosa & Jablonex Extra 2-Cut Glass Chaton Rose Flatback Rhinestones 20ss – 10 Gross (1,440 pcs) (JET BLACK)",11110-20ss-23980,gid://shopify/InventoryItem/46947555115077,15
"Preciosa & Jablonex Extra 2-Cut Glass Chaton Rose Flatback Rhinestones 20ss – 10 Gross (1,440 pcs) (LIGHT SAPPHIRE)",11110-20ss-30020,gid://shopify/InventoryItem/46947555147845,15
"Preciosa & Jablonex Extra 2-Cut Glass Chaton Rose Flatback Rhinestones 20ss – 10 Gross (1,440 pcs) (SAPPHIRE)",11110-20ss-30050,gid://shopify/InventoryItem/46947555180613,15
"Preciosa & Jablonex Extra 2-Cut Glass Chaton Rose Flatback Rhinestones 20ss – 10 Gross (1,440 pcs) (DARK SAPPHIRE)",11110-20ss-30080,gid://shopify/InventoryItem/46947836690501,15
"Preciosa & Jablonex Extra 2-Cut Glass Chaton Rose Flatback Rhinestones 20ss – 10 Gross (1,440 pcs) (MONTANA SAPPHIRE)",11110-20ss-30340,gid://shopify/InventoryItem/46947555213381,15
Preciosa & Jablonex Extra 2-Cut Glass Chaton Rose Flatback Rhinestones 30ss – 2 Gross (288 pcs) (CRYSTAL),11110-30ss-00030,gid://shopify/InventoryItem/46948007247941,15
Preciosa & Jablonex Extra 2-Cut Glass Chaton Rose Flatback Rhinestones 30ss – 2 Gross (288 pcs) (TOPAZ),11110-30ss-10070,gid://shopify/InventoryItem/46948018389061,15
Preciosa & Jablonex Extra 2-Cut Glass Chaton Rose Flatback Rhinestones 30ss – 2 Gross (288 pcs) (SMOKE TOPAZ),11110-30ss-10220,gid://shopify/InventoryItem/46948007313477,15
Preciosa & Jablonex Extra 2-Cut Glass Chaton Rose Flatback Rhinestones 30ss – 2 Gross (288 pcs) (LIGHT AMETHYST),11110-30ss-20020,gid://shopify/InventoryItem/46948007346245,15
Preciosa & Jablonex Extra 2-Cut Glass Chaton Rose Flatback Rhinestones 30ss – 2 Gross (288 pcs) (AMETHYST),11110-30ss-20050,gid://shopify/InventoryItem/46948007379013,15
Preciosa & Jablonex Extra 2-Cut Glass Chaton Rose Flatback Rhinestones 30ss – 2 Gross (288 pcs) (JET BLACK),11110-30ss-23980,gid://shopify/InventoryItem/46948007411781,15
Preciosa & Jablonex Extra 2-Cut Glass Chaton Rose Flatback Rhinestones 30ss – 2 Gross (288 pcs) (LIGHT SAPPHIRE),11110-30ss-30020,gid://shopify/InventoryItem/46948007444549,15
Preciosa & Jablonex Extra 2-Cut Glass Chaton Rose Flatback Rhinestones 30ss – 2 Gross (288 pcs) (SAPPHIRE),11110-30ss-30050,gid://shopify/InventoryItem/46948007477317,15
Preciosa & Jablonex Extra 2-Cut Glass Chaton Rose Flatback Rhinestones 30ss – 2 Gross (288 pcs) (DARK SAPPHIRE),11110-30ss-30080,gid://shopify/InventoryItem/46948007510085,15
Preciosa & Jablonex Extra 2-Cut Glass Chaton Rose Flatback Rhinestones 30ss – 2 Gross (288 pcs) (MONTANA SAPPHIRE),11110-30ss-30340,gid://shopify/InventoryItem/46948007542853,15
Preciosa & Jablonex Extra 2-Cut Glass Chaton Rose Flatback Rhinestones 34ss – 2 Gross (288 pcs) (CRYSTAL),11110-34ss-00030,gid://shopify/InventoryItem/46948298162245,15
Preciosa & Jablonex Extra 2-Cut Glass Chaton Rose Flatback Rhinestones 34ss – 2 Gross (288 pcs) (TOPAZ),11110-34ss-10070,gid://shopify/InventoryItem/46948298195013,15
Preciosa & Jablonex Extra 2-Cut Glass Chaton Rose Flatback Rhinestones 34ss – 2 Gross (288 pcs) (SMOKE TOPAZ),11110-34ss-10220,gid://shopify/InventoryItem/46948298227781,15
Preciosa & Jablonex Extra 2-Cut Glass Chaton Rose Flatback Rhinestones 34ss – 2 Gross (288 pcs) (LIGHT AMETHYST),11110-34ss-20020,gid://shopify/InventoryItem/46948298260549,15
Preciosa & Jablonex Extra 2-Cut Glass Chaton Rose Flatback Rhinestones 34ss – 2 Gross (288 pcs) (AMETHYST),11110-34ss-20050,gid://shopify/InventoryItem/46948298293317,15
Preciosa & Jablonex Extra 2-Cut Glass Chaton Rose Flatback Rhinestones 34ss – 2 Gross (288 pcs) (JET BLACK),11110-34ss-23980,gid://shopify/InventoryItem/46948298326085,15
Preciosa & Jablonex Extra 2-Cut Glass Chaton Rose Flatback Rhinestones 34ss – 2 Gross (288 pcs) (LIGHT SAPPHIRE),11110-34ss-30020,gid://shopify/InventoryItem/46948298358853,15
Preciosa & Jablonex Extra 2-Cut Glass Chaton Rose Flatback Rhinestones 34ss – 2 Gross (288 pcs) (SAPPHIRE),11110-34ss-30050,gid://shopify/InventoryItem/46948298391621,15
Preciosa & Jablonex Extra 2-Cut Glass Chaton Rose Flatback Rhinestones 34ss – 2 Gross (288 pcs) (DARK SAPPHIRE),11110-34ss-30080,gid://shopify/InventoryItem/46948298424389,15
Preciosa & Jablonex Extra 2-Cut Glass Chaton Rose Flatback Rhinestones 34ss – 2 Gross (288 pcs) (MONTANA SAPPHIRE),11110-34ss-30340,gid://shopify/InventoryItem/46948298457157,15
Preciosa & Jablonex Extra 2-Cut Glass Chaton Rose Flatback Rhinestones 40ss – 1 Gross (144 pcs) (CRYSTAL),11110-40ss-00030,gid://shopify/InventoryItem/46948362125381,15
Preciosa & Jablonex Extra 2-Cut Glass Chaton Rose Flatback Rhinestones 40ss – 1 Gross (144 pcs) (TOPAZ),11110-40ss-10070,gid://shopify/InventoryItem/46948362158149,15
Preciosa & Jablonex Extra 2-Cut Glass Chaton Rose Flatback Rhinestones 40ss – 1 Gross (144 pcs) (SMOKE TOPAZ),11110-40ss-10220,gid://shopify/InventoryItem/46948362190917,15
Preciosa & Jablonex Extra 2-Cut Glass Chaton Rose Flatback Rhinestones 40ss – 1 Gross (144 pcs) (LIGHT AMETHYST),11110-40ss-20020,gid://shopify/InventoryItem/46948362223685,15
Preciosa & Jablonex Extra 2-Cut Glass Chaton Rose Flatback Rhinestones 40ss – 1 Gross (144 pcs) (AMETHYST),11110-40ss-20050,gid://shopify/InventoryItem/46948362256453,15
Preciosa & Jablonex Extra 2-Cut Glass Chaton Rose Flatback Rhinestones 40ss – 1 Gross (144 pcs) (JET BLACK),11110-40ss-23980,gid://shopify/InventoryItem/46948362289221,15
Preciosa & Jablonex Extra 2-Cut Glass Chaton Rose Flatback Rhinestones 40ss – 1 Gross (144 pcs) (LIGHT SAPPHIRE),11110-40ss-30020,gid://shopify/InventoryItem/46948362321989,15
Preciosa & Jablonex Extra 2-Cut Glass Chaton Rose Flatback Rhinestones 40ss – 1 Gross (144 pcs) (SAPPHIRE),11110-40ss-30050,gid://shopify/InventoryItem/46948362354757,15
Preciosa & Jablonex Extra 2-Cut Glass Chaton Rose Flatback Rhinestones 40ss – 1 Gross (144 pcs) (DARK SAPPHIRE),11110-40ss-30080,gid://shopify/InventoryItem/46948362387525,15
Preciosa & Jablonex Extra 2-Cut Glass Chaton Rose Flatback Rhinestones 40ss – 1 Gross (144 pcs) (MONTANA SAPPHIRE),11110-40ss-30340,gid://shopify/InventoryItem/46948362420293,15
"Preciosa & Jablonex Hot Fix Extra 2-Cut Glass Chaton Rose Flatback Rhinestones 8ss – 10 Gross (1,440 pcs) (CRYSTAL)",11110HF-8ss-00030,gid://shopify/InventoryItem/46948808917061,15
"Preciosa & Jablonex Hot Fix Extra 2-Cut Glass Chaton Rose Flatback Rhinestones 8ss – 10 Gross (1,440 pcs) (TOPAZ)",11110HF-8ss-10070,gid://shopify/InventoryItem/46948808949829,15
"Preciosa & Jablonex Hot Fix Extra 2-Cut Glass Chaton Rose Flatback Rhinestones 8ss – 10 Gross (1,440 pcs) (SMOKE TOPAZ)",11110HF-8ss-10220,gid://shopify/InventoryItem/46948808982597,15
"Preciosa & Jablonex Hot Fix Extra 2-Cut Glass Chaton Rose Flatback Rhinestones 8ss – 10 Gross (1,440 pcs) (LIGHT AMETHYST)",11110HF-8ss-20020,gid://shopify/InventoryItem/46948809015365,15
"Preciosa & Jablonex Hot Fix Extra 2-Cut Glass Chaton Rose Flatback Rhinestones 8ss – 10 Gross (1,440 pcs) (AMETHYST)",11110HF-8ss-20050,gid://shopify/InventoryItem/46948809048133,15
"Preciosa & Jablonex Hot Fix Extra 2-Cut Glass Chaton Rose Flatback Rhinestones 8ss – 10 Gross (1,440 pcs) (JET BLACK)",11110HF-8ss-23980,gid://shopify/InventoryItem/46948809080901,15
"Preciosa & Jablonex Hot Fix Extra 2-Cut Glass Chaton Rose Flatback Rhinestones 8ss – 10 Gross (1,440 pcs) (LIGHT SAPPHIRE)",11110HF-8ss-30020,gid://shopify/InventoryItem/46948809113669,15
"Preciosa & Jablonex Hot Fix Extra 2-Cut Glass Chaton Rose Flatback Rhinestones 8ss – 10 Gross (1,440 pcs) (SAPPHIRE)",11110HF-8ss-30050,gid://shopify/InventoryItem/46948809146437,15
"Preciosa & Jablonex Hot Fix Extra 2-Cut Glass Chaton Rose Flatback Rhinestones 8ss – 10 Gross (1,440 pcs) (DARK SAPPHIRE)",11110HF-8ss-30080,gid://shopify/InventoryItem/46948809179205,15
"Preciosa & Jablonex Hot Fix Extra 2-Cut Glass Chaton Rose Flatback Rhinestones 8ss – 10 Gross (1,440 pcs) (MONTANA SAPPHIRE)",11110HF-8ss-30340,gid://shopify/InventoryItem/46948809211973,15
"Preciosa & Jablonex Hot Fix Extra 2-Cut Glass Chaton Rose Flatback Rhinestones 10ss – 10 Gross (1,440 pcs) (CRYSTAL)",11110HF-10ss-00030,gid://shopify/InventoryItem/46949723111493,15
"Preciosa & Jablonex Hot Fix Extra 2-Cut Glass Chaton Rose Flatback Rhinestones 10ss – 10 Gross (1,440 pcs) (TOPAZ)",11110HF-10ss-10070,gid://shopify/InventoryItem/46949723144261,15
"Preciosa & Jablonex Hot Fix Extra 2-Cut Glass Chaton Rose Flatback Rhinestones 10ss – 10 Gross (1,440 pcs) (SMOKE TOPAZ)",11110HF-10ss-10220,gid://shopify/InventoryItem/46949723177029,15
"Preciosa & Jablonex Hot Fix Extra 2-Cut Glass Chaton Rose Flatback Rhinestones 10ss – 10 Gross (1,440 pcs) (LIGHT AMETHYST)",11110HF-10ss-20020,gid://shopify/InventoryItem/46949723209797,15
"Preciosa & Jablonex Hot Fix Extra 2-Cut Glass Chaton Rose Flatback Rhinestones 10ss – 10 Gross (1,440 pcs) (AMETHYST)",11110HF-10ss-20050,gid://shopify/InventoryItem/46949723242565,15
"Preciosa & Jablonex Hot Fix Extra 2-Cut Glass Chaton Rose Flatback Rhinestones 10ss – 10 Gross (1,440 pcs) (JET BLACK)",11110HF-10ss-23980,gid://shopify/InventoryItem/46949723275333,15
"Preciosa & Jablonex Hot Fix Extra 2-Cut Glass Chaton Rose Flatback Rhinestones 10ss – 10 Gross (1,440 pcs) (LIGHT SAPPHIRE)",11110HF-10ss-30020,gid://shopify/InventoryItem/46949723308101,15
"Preciosa & Jablonex Hot Fix Extra 2-Cut Glass Chaton Rose Flatback Rhinestones 10ss – 10 Gross (1,440 pcs) (SAPPHIRE)",11110HF-10ss-30050,gid://shopify/InventoryItem/46949723340869,15
"Preciosa & Jablonex Hot Fix Extra 2-Cut Glass Chaton Rose Flatback Rhinestones 10ss – 10 Gross (1,440 pcs) (DARK SAPPHIRE)",11110HF-10ss-30080,gid://shopify/InventoryItem/46949723373637,15
"Preciosa & Jablonex Hot Fix Extra 2-Cut Glass Chaton Rose Flatback Rhinestones 10ss – 10 Gross (1,440 pcs) (MONTANA SAPPHIRE)",11110HF-10ss-30340,gid://shopify/InventoryItem/46949723406405,15
"Preciosa & Jablonex Hot Fix Extra 2-Cut Glass Chaton Rose Flatback Rhinestones 12ss – 10 Gross (1,440 pcs) (CRYSTAL)",11110HF-12ss-00030,gid://shopify/InventoryItem/46952170127429,15
"Preciosa & Jablonex Hot Fix Extra 2-Cut Glass Chaton Rose Flatback Rhinestones 12ss – 10 Gross (1,440 pcs) (TOPAZ)",11110HF-12ss-10070,gid://shopify/InventoryItem/46952170160197,15
"Preciosa & Jablonex Hot Fix Extra 2-Cut Glass Chaton Rose Flatback Rhinestones 12ss – 10 Gross (1,440 pcs) (SMOKE TOPAZ)",11110HF-12ss-10220,gid://shopify/InventoryItem/46952170192965,15
"Preciosa & Jablonex Hot Fix Extra 2-Cut Glass Chaton Rose Flatback Rhinestones 12ss – 10 Gross (1,440 pcs) (LIGHT AMETHYST)",11110HF-12ss-20020,gid://shopify/InventoryItem/46952170225733,15
"Preciosa & Jablonex Hot Fix Extra 2-Cut Glass Chaton Rose Flatback Rhinestones 12ss – 10 Gross (1,440 pcs) (AMETHYST)",11110HF-12ss-20050,gid://shopify/InventoryItem/46952170258501,15
"Preciosa & Jablonex Hot Fix Extra 2-Cut Glass Chaton Rose Flatback Rhinestones 12ss – 10 Gross (1,440 pcs) (JET BLACK)",11110HF-12ss-23980,gid://shopify/InventoryItem/46952170291269,15
"Preciosa & Jablonex Hot Fix Extra 2-Cut Glass Chaton Rose Flatback Rhinestones 12ss – 10 Gross (1,440 pcs) (LIGHT SAPPHIRE)",11110HF-12ss-30020,gid://shopify/InventoryItem/46952170324037,15
"Preciosa & Jablonex Hot Fix Extra 2-Cut Glass Chaton Rose Flatback Rhinestones 12ss – 10 Gross (1,440 pcs) (SAPPHIRE)",11110HF-12ss-30050,gid://shopify/InventoryItem/46952170356805,15
"Preciosa & Jablonex Hot Fix Extra 2-Cut Glass Chaton Rose Flatback Rhinestones 12ss – 10 Gross (1,440 pcs) (DARK SAPPHIRE)",11110HF-12ss-30080,gid://shopify/InventoryItem/46952170389573,15
"Preciosa & Jablonex Hot Fix Extra 2-Cut Glass Chaton Rose Flatback Rhinestones 12ss – 10 Gross (1,440 pcs) (MONTANA SAPPHIRE)",11110HF-12ss-30340,gid://shopify/InventoryItem/46952170422341,15
"Preciosa & Jablonex Hot Fix Extra 2-Cut Glass Chaton Rose Flatback Rhinestones 16ss – 10 Gross (1,440 pcs) (CRYSTAL)",11110HF-16ss-00030,gid://shopify/InventoryItem/46952174485573,15
"Preciosa & Jablonex Hot Fix Extra 2-Cut Glass Chaton Rose Flatback Rhinestones 16ss – 10 Gross (1,440 pcs) (TOPAZ)",11110HF-16ss-10070,gid://shopify/InventoryItem/46952174518341,15
"Preciosa & Jablonex Hot Fix Extra 2-Cut Glass Chaton Rose Flatback Rhinestones 16ss – 10 Gross (1,440 pcs) (SMOKE TOPAZ)",11110HF-16ss-10220,gid://shopify/InventoryItem/46952174551109,15
"Preciosa & Jablonex Hot Fix Extra 2-Cut Glass Chaton Rose Flatback Rhinestones 16ss – 10 Gross (1,440 pcs) (LIGHT AMETHYST)",11110HF-16ss-20020,gid://shopify/InventoryItem/46952174583877,15
"Preciosa & Jablonex Hot Fix Extra 2-Cut Glass Chaton Rose Flatback Rhinestones 16ss – 10 Gross (1,440 pcs) (AMETHYST)",11110HF-16ss-20050,gid://shopify/InventoryItem/46952174616645,15
"Preciosa & Jablonex Hot Fix Extra 2-Cut Glass Chaton Rose Flatback Rhinestones 16ss – 10 Gross (1,440 pcs) (JET BLACK)",11110HF-16ss-23980,gid://shopify/InventoryItem/46952174649413,15
"Preciosa & Jablonex Hot Fix Extra 2-Cut Glass Chaton Rose Flatback Rhinestones 16ss – 10 Gross (1,440 pcs) (LIGHT SAPPHIRE)",11110HF-16ss-30020,gid://shopify/InventoryItem/46952174682181,15
"Preciosa & Jablonex Hot Fix Extra 2-Cut Glass Chaton Rose Flatback Rhinestones 16ss – 10 Gross (1,440 pcs) (SAPPHIRE)",11110HF-16ss-30050,gid://shopify/InventoryItem/46952174714949,15
"Preciosa & Jablonex Hot Fix Extra 2-Cut Glass Chaton Rose Flatback Rhinestones 16ss – 10 Gross (1,440 pcs) (DARK SAPPHIRE)",11110HF-16ss-30080,gid://shopify/InventoryItem/46952174747717,15
"Preciosa & Jablonex Hot Fix Extra 2-Cut Glass Chaton Rose Flatback Rhinestones 16ss – 10 Gross (1,440 pcs) (MONTANA SAPPHIRE)",11110HF-16ss-30340,gid://shopify/InventoryItem/46952174780485,15
"Preciosa & Jablonex Hot Fix Extra 2-Cut Glass Chaton Rose Flatback Rhinestones 20ss – 10 Gross (1,440 pcs) (CRYSTAL)",11110HF-20ss-00030,gid://shopify/InventoryItem/46952185659461,15
"Preciosa & Jablonex Hot Fix Extra 2-Cut Glass Chaton Rose Flatback Rhinestones 20ss – 10 Gross (1,440 pcs) (TOPAZ)",11110HF-20ss-10070,gid://shopify/InventoryItem/46952185692229,15
"Preciosa & Jablonex Hot Fix Extra 2-Cut Glass Chaton Rose Flatback Rhinestones 20ss – 10 Gross (1,440 pcs) (SMOKE TOPAZ)",11110HF-20ss-10220,gid://shopify/InventoryItem/46952185724997,15
"Preciosa & Jablonex Hot Fix Extra 2-Cut Glass Chaton Rose Flatback Rhinestones 20ss – 10 Gross (1,440 pcs) (LIGHT AMETHYST)",11110HF-20ss-20020,gid://shopify/InventoryItem/46952185757765,15
"Preciosa & Jablonex Hot Fix Extra 2-Cut Glass Chaton Rose Flatback Rhinestones 20ss – 10 Gross (1,440 pcs) (AMETHYST)",11110HF-20ss-20050,gid://shopify/InventoryItem/46952185790533,15
"Preciosa & Jablonex Hot Fix Extra 2-Cut Glass Chaton Rose Flatback Rhinestones 20ss – 10 Gross (1,440 pcs) (JET BLACK)",11110HF-20ss-23980,gid://shopify/InventoryItem/46952185823301,15
"Preciosa & Jablonex Hot Fix Extra 2-Cut Glass Chaton Rose Flatback Rhinestones 20ss – 10 Gross (1,440 pcs) (LIGHT SAPPHIRE)",11110HF-20ss-30020,gid://shopify/InventoryItem/46952185856069,15
"Preciosa & Jablonex Hot Fix Extra 2-Cut Glass Chaton Rose Flatback Rhinestones 20ss – 10 Gross (1,440 pcs) (SAPPHIRE)",11110HF-20ss-30050,gid://shopify/InventoryItem/46952185888837,15
"Preciosa & Jablonex Hot Fix Extra 2-Cut Glass Chaton Rose Flatback Rhinestones 20ss – 10 Gross (1,440 pcs) (DARK SAPPHIRE)",11110HF-20ss-30080,gid://shopify/InventoryItem/46952185921605,15
"Preciosa & Jablonex Hot Fix Extra 2-Cut Glass Chaton Rose Flatback Rhinestones 20ss – 10 Gross (1,440 pcs) (MONTANA SAPPHIRE)",11110HF-20ss-30340,gid://shopify/InventoryItem/46952185954373,15
Preciosa & Jablonex Hot Fix Extra 2-Cut Glass Chaton Rose Flatback Rhinestones 30ss – 2 Gross (288 pcs) (CRYSTAL),11110HF-30ss-00030,gid://shopify/InventoryItem/46952198307909,15
Preciosa & Jablonex Hot Fix Extra 2-Cut Glass Chaton Rose Flatback Rhinestones 30ss – 2 Gross (288 pcs) (TOPAZ),11110HF-30ss-10070,gid://shopify/InventoryItem/46952198340677,15
Preciosa & Jablonex Hot Fix Extra 2-Cut Glass Chaton Rose Flatback Rhinestones 30ss – 2 Gross (288 pcs) (SMOKE TOPAZ),11110HF-30ss-10220,gid://shopify/InventoryItem/46952198373445,15
Preciosa & Jablonex Hot Fix Extra 2-Cut Glass Chaton Rose Flatback Rhinestones 30ss – 2 Gross (288 pcs) (LIGHT AMETHYST),11110HF-30ss-20020,gid://shopify/InventoryItem/46952198406213,15
Preciosa & Jablonex Hot Fix Extra 2-Cut Glass Chaton Rose Flatback Rhinestones 30ss – 2 Gross (288 pcs) (AMETHYST),11110HF-30ss-20050,gid://shopify/InventoryItem/46952198438981,15
Preciosa & Jablonex Hot Fix Extra 2-Cut Glass Chaton Rose Flatback Rhinestones 30ss – 2 Gross (288 pcs) (JET BLACK),11110HF-30ss-23980,gid://shopify/InventoryItem/46952198471749,15
Preciosa & Jablonex Hot Fix Extra 2-Cut Glass Chaton Rose Flatback Rhinestones 30ss – 2 Gross (288 pcs) (LIGHT SAPPHIRE),11110HF-30ss-30020,gid://shopify/InventoryItem/46952198504517,15
Preciosa & Jablonex Hot Fix Extra 2-Cut Glass Chaton Rose Flatback Rhinestones 30ss – 2 Gross (288 pcs) (SAPPHIRE),11110HF-30ss-30050,gid://shopify/InventoryItem/46952198537285,15
Preciosa & Jablonex Hot Fix Extra 2-Cut Glass Chaton Rose Flatback Rhinestones 30ss – 2 Gross (288 pcs) (DARK SAPPHIRE),11110HF-30ss-30080,gid://shopify/InventoryItem/46952198570053,15
Preciosa & Jablonex Hot Fix Extra 2-Cut Glass Chaton Rose Flatback Rhinestones 30ss – 2 Gross (288 pcs) (MONTANA SAPPHIRE),11110HF-30ss-30340,gid://shopify/InventoryItem/46952198602821,15
Preciosa & Jablonex Hot Fix Extra 2-Cut Glass Chaton Rose Flatback Rhinestones 34ss – 2 Gross (288 pcs) (CRYSTAL),11110HF-34ss-00030,gid://shopify/InventoryItem/46952205287493,15
Preciosa & Jablonex Hot Fix Extra 2-Cut Glass Chaton Rose Flatback Rhinestones 34ss – 2 Gross (288 pcs) (TOPAZ),11110HF-34ss-10070,gid://shopify/InventoryItem/46952205320261,15
Preciosa & Jablonex Hot Fix Extra 2-Cut Glass Chaton Rose Flatback Rhinestones 34ss – 2 Gross (288 pcs) (SMOKE TOPAZ),11110HF-34ss-10220,gid://shopify/InventoryItem/46952205353029,15
Preciosa & Jablonex Hot Fix Extra 2-Cut Glass Chaton Rose Flatback Rhinestones 34ss – 2 Gross (288 pcs) (LIGHT AMETHYST),11110HF-34ss-20020,gid://shopify/InventoryItem/46952205385797,15
Preciosa & Jablonex Hot Fix Extra 2-Cut Glass Chaton Rose Flatback Rhinestones 34ss – 2 Gross (288 pcs) (AMETHYST),11110HF-34ss-20050,gid://shopify/InventoryItem/46952205418565,15
Preciosa & Jablonex Hot Fix Extra 2-Cut Glass Chaton Rose Flatback Rhinestones 34ss – 2 Gross (288 pcs) (JET BLACK),11110HF-34ss-23980,gid://shopify/InventoryItem/46952205451333,15
Preciosa & Jablonex Hot Fix Extra 2-Cut Glass Chaton Rose Flatback Rhinestones 34ss – 2 Gross (288 pcs) (LIGHT SAPPHIRE),11110HF-34ss-30020,gid://shopify/InventoryItem/46952205484101,15
Preciosa & Jablonex Hot Fix Extra 2-Cut Glass Chaton Rose Flatback Rhinestones 34ss – 2 Gross (288 pcs) (SAPPHIRE),11110HF-34ss-30050,gid://shopify/InventoryItem/46952205516869,15
Preciosa & Jablonex Hot Fix Extra 2-Cut Glass Chaton Rose Flatback Rhinestones 34ss – 2 Gross (288 pcs) (DARK SAPPHIRE),11110HF-34ss-30080,gid://shopify/InventoryItem/46952205549637,15
Preciosa & Jablonex Hot Fix Extra 2-Cut Glass Chaton Rose Flatback Rhinestones 34ss – 2 Gross (288 pcs) (MONTANA SAPPHIRE),11110HF-34ss-30340,gid://shopify/InventoryItem/46952205582405,15
Preciosa & Jablonex Hot Fix Extra 2-Cut Glass Chaton Rose Flatback Rhinestones 40ss – 1 Gross (144 pcs) (CRYSTAL),11110HF-40ss-00030,gid://shopify/InventoryItem/46952305164357,15
Preciosa & Jablonex Hot Fix Extra 2-Cut Glass Chaton Rose Flatback Rhinestones 40ss – 1 Gross (144 pcs) (TOPAZ),11110HF-40ss-10070,gid://shopify/InventoryItem/46952305197125,15
Preciosa & Jablonex Hot Fix Extra 2-Cut Glass Chaton Rose Flatback Rhinestones 40ss – 1 Gross (144 pcs) (SMOKE TOPAZ),11110HF-40ss-10220,gid://shopify/InventoryItem/46952305229893,15
Preciosa & Jablonex Hot Fix Extra 2-Cut Glass Chaton Rose Flatback Rhinestones 40ss – 1 Gross (144 pcs) (LIGHT AMETHYST),11110HF-40ss-20020,gid://shopify/InventoryItem/46952305262661,15
Preciosa & Jablonex Hot Fix Extra 2-Cut Glass Chaton Rose Flatback Rhinestones 40ss – 1 Gross (144 pcs) (AMETHYST),11110HF-40ss-20050,gid://shopify/InventoryItem/46952305295429,15
Preciosa & Jablonex Hot Fix Extra 2-Cut Glass Chaton Rose Flatback Rhinestones 40ss – 1 Gross (144 pcs) (JET BLACK),11110HF-40ss-23980,gid://shopify/InventoryItem/46952305328197,15
Preciosa & Jablonex Hot Fix Extra 2-Cut Glass Chaton Rose Flatback Rhinestones 40ss – 1 Gross (144 pcs) (LIGHT SAPPHIRE),11110HF-40ss-30020,gid://shopify/InventoryItem/46952305360965,15
Preciosa & Jablonex Hot Fix Extra 2-Cut Glass Chaton Rose Flatback Rhinestones 40ss – 1 Gross (144 pcs) (SAPPHIRE),11110HF-40ss-30050,gid://shopify/InventoryItem/46952305393733,15
Preciosa & Jablonex Hot Fix Extra 2-Cut Glass Chaton Rose Flatback Rhinestones 40ss – 1 Gross (144 pcs) (DARK SAPPHIRE),11110HF-40ss-30080,gid://shopify/InventoryItem/46952305426501,15
Preciosa & Jablonex Hot Fix Extra 2-Cut Glass Chaton Rose Flatback Rhinestones 40ss – 1 Gross (144 pcs) (MONTANA SAPPHIRE),11110HF-40ss-30340,gid://shopify/InventoryItem/46952305459269,15
"FACETED CZECH GLASS FIRE POLISHED MULTI COLOR BEADS (CRYSTAL, SAPPHIRE & ERINITE) (4mm)",FP-4mm-29012,gid://shopify/InventoryItem/46976430374981,15
"FACETED CZECH GLASS FIRE POLISHED MULTI COLOR BEADS (CRYSTAL, SAPPHIRE & ERINITE) (5mm)",FP-5mm-29012,gid://shopify/InventoryItem/46976430407749,15
"FACETED CZECH GLASS FIRE POLISHED MULTI COLOR BEADS (CRYSTAL, SAPPHIRE & ERINITE) (6mm)",FP-6mm-29012,gid://shopify/InventoryItem/46976430440517,15
"FACETED CZECH GLASS FIRE POLISHED MULTI COLOR BEADS (CRYSTAL, SAPPHIRE & ERINITE) (8mm)",FP-8mm-29012,gid://shopify/InventoryItem/46976430473285,15
"FACETED CZECH GLASS FIRE POLISHED MULTI COLOR BEADS (CRYSTAL, SAPPHIRE & ERINITE) (10mm)",FP-10mm-29012,gid://shopify/InventoryItem/46976430506053,15
FACETED CZECH GLASS FIRE POLISHED MULTI COLOR BEADS (CRYSTAL & AQUAMARINE) (4mm),FP-4mm-29011,gid://shopify/InventoryItem/46977430650949,15
FACETED CZECH GLASS FIRE POLISHED MULTI COLOR BEADS (CRYSTAL & AQUAMARINE) (5mm),FP-5mm-29011,gid://shopify/InventoryItem/46977430683717,15
FACETED CZECH GLASS FIRE POLISHED MULTI COLOR BEADS (CRYSTAL & AQUAMARINE) (6mm),FP-6mm-29011,gid://shopify/InventoryItem/46977430716485,15
FACETED CZECH GLASS FIRE POLISHED MULTI COLOR BEADS (CRYSTAL & AQUAMARINE) (8mm),FP-8mm-29011,gid://shopify/InventoryItem/46977430749253,15
FACETED CZECH GLASS FIRE POLISHED MULTI COLOR BEADS (CRYSTAL & AQUAMARINE) (10mm),FP-10mm-29011,gid://shopify/InventoryItem/46977430782021,15
"FACETED CZECH GLASS FIRE POLISHED MULTI COLOR BEADS (CRYSTAL, TOPAZ & SMOKE TOPAZ) (4mm)",FP-4mm-29013,gid://shopify/InventoryItem/46977568243781,15
"FACETED CZECH GLASS FIRE POLISHED MULTI COLOR BEADS (CRYSTAL, TOPAZ & SMOKE TOPAZ) (5mm)",FP-5mm-29013,gid://shopify/InventoryItem/46977568276549,15
"FACETED CZECH GLASS FIRE POLISHED MULTI COLOR BEADS (CRYSTAL, TOPAZ & SMOKE TOPAZ) (6mm)",FP-6mm-29013,gid://shopify/InventoryItem/46977568309317,15
"FACETED CZECH GLASS FIRE POLISHED MULTI COLOR BEADS (CRYSTAL, TOPAZ & SMOKE TOPAZ) (8mm)",FP-8mm-29013,gid://shopify/InventoryItem/46977568342085,15
"FACETED CZECH GLASS FIRE POLISHED MULTI COLOR BEADS (CRYSTAL, TOPAZ & SMOKE TOPAZ) (10mm)",FP-10mm-29013,gid://shopify/InventoryItem/46977568374853,15
"FACETED CZECH GLASS FIRE POLISHED MULTI COLOR BEADS (CRYSTAL, AQUA & TOPAZ) (4mm)",FP-4mm-29014,gid://shopify/InventoryItem/46977790541893,15
"FACETED CZECH GLASS FIRE POLISHED MULTI COLOR BEADS (CRYSTAL, AQUA & TOPAZ) (5mm)",FP-5mm-29014,gid://shopify/InventoryItem/46977790574661,15
"FACETED CZECH GLASS FIRE POLISHED MULTI COLOR BEADS (CRYSTAL, AQUA & TOPAZ) (6mm)",FP-6mm-29014,gid://shopify/InventoryItem/46977790607429,15
"FACETED CZECH GLASS FIRE POLISHED MULTI COLOR BEADS (CRYSTAL, AQUA & TOPAZ) (8mm)",FP-8mm-29014,gid://shopify/InventoryItem/46977790640197,15
"FACETED CZECH GLASS FIRE POLISHED MULTI COLOR BEADS (CRYSTAL, AQUA & TOPAZ) (10mm)",FP-10mm-29014,gid://shopify/InventoryItem/46977790672965,15
"FACETED CZECH GLASS FIRE POLISHED MULTI COLOR BEADS (CRYSTAL, ERINITE & LIGHT SIAM) (4mm)",FP-4mm-29015,gid://shopify/InventoryItem/46980938170437,15
"FACETED CZECH GLASS FIRE POLISHED MULTI COLOR BEADS (CRYSTAL, ERINITE & LIGHT SIAM) (5mm)",FP-5mm-29015,gid://shopify/InventoryItem/46980938203205,15
"FACETED CZECH GLASS FIRE POLISHED MULTI COLOR BEADS (CRYSTAL, ERINITE & LIGHT SIAM) (6mm)",FP-6mm-29015,gid://shopify/InventoryItem/46980938235973,15
"FACETED CZECH GLASS FIRE POLISHED MULTI COLOR BEADS (CRYSTAL, ERINITE & LIGHT SIAM) (8mm)",FP-8mm-29015,gid://shopify/InventoryItem/46980938268741,15
"FACETED CZECH GLASS FIRE POLISHED MULTI COLOR BEADS (CRYSTAL, ERINITE & LIGHT SIAM) (10mm)",FP-10mm-29015,gid://shopify/InventoryItem/46980938301509,15
"FACETED CZECH GLASS FIRE POLISHED MULTI COLOR BEADS (CRYSTAL, TOPAZ & SIAM RUBY) (4mm)",FP-4mm-29016,gid://shopify/InventoryItem/46980949082181,15
"FACETED CZECH GLASS FIRE POLISHED MULTI COLOR BEADS (CRYSTAL, TOPAZ & SIAM RUBY) (5mm)",FP-5mm-29016,gid://shopify/InventoryItem/46980949114949,15
"FACETED CZECH GLASS FIRE POLISHED MULTI COLOR BEADS (CRYSTAL, TOPAZ & SIAM RUBY) (6mm)",FP-6mm-29016,gid://shopify/InventoryItem/46980949147717,15
"FACETED CZECH GLASS FIRE POLISHED MULTI COLOR BEADS (CRYSTAL, TOPAZ & SIAM RUBY) (8mm)",FP-8mm-29016,gid://shopify/InventoryItem/46980949180485,15
"FACETED CZECH GLASS FIRE POLISHED MULTI COLOR BEADS (CRYSTAL, TOPAZ & SIAM RUBY) (10mm)",FP-10mm-29016,gid://shopify/InventoryItem/46980949213253,15
"FACETED CZECH GLASS FIRE POLISHED MULTI COLOR BEADS (CRYSTAL, SAPPHIRE & GARNET) (4mm)",FP-4mm-29017,gid://shopify/InventoryItem/46981053087813,15
"FACETED CZECH GLASS FIRE POLISHED MULTI COLOR BEADS (CRYSTAL, SAPPHIRE & GARNET) (5mm)",FP-5mm-29017,gid://shopify/InventoryItem/46981053120581,15
"FACETED CZECH GLASS FIRE POLISHED MULTI COLOR BEADS (CRYSTAL, SAPPHIRE & GARNET) (6mm)",FP-6mm-29017,gid://shopify/InventoryItem/46981053153349,15
"FACETED CZECH GLASS FIRE POLISHED MULTI COLOR BEADS (CRYSTAL, SAPPHIRE & GARNET) (8mm)",FP-8mm-29017,gid://shopify/InventoryItem/46981053186117,15
"FACETED CZECH GLASS FIRE POLISHED MULTI COLOR BEADS (CRYSTAL, SAPPHIRE & GARNET) (10mm)",FP-10mm-29017,gid://shopify/InventoryItem/46981053218885,15
"FACETED CZECH GLASS FIRE POLISHED MULTI COLOR BEADS (CRYSTAL, CITRINE & ROSE) (4mm)",FP-4mm-48001,gid://shopify/InventoryItem/46982590529605,15
"FACETED CZECH GLASS FIRE POLISHED MULTI COLOR BEADS (CRYSTAL, CITRINE & ROSE) (6mm)",FP-6mm-48001,gid://shopify/InventoryItem/46982590562373,15
"FACETED CZECH GLASS FIRE POLISHED MULTI COLOR BEADS (CRYSTAL, CITRINE & ROSE) (8mm)",FP-8mm-48001,gid://shopify/InventoryItem/46982590595141,15
"FACETED CZECH GLASS FIRE POLISHED MULTI COLOR BEADS (CRYSTAL, CITRINE & ROSE) (10mm)",FP-10mm-48001,gid://shopify/InventoryItem/46982590627909,15
"FACETED CZECH GLASS FIRE POLISHED MULTI COLOR BEADS (CRYSTAL, SAPPHIRE & LIGHT AMETHYST) (4mm)",FP-4mm-48002,gid://shopify/InventoryItem/46982583156805,15
"FACETED CZECH GLASS FIRE POLISHED MULTI COLOR BEADS (CRYSTAL, SAPPHIRE & LIGHT AMETHYST) (6mm)",FP-6mm-48002,gid://shopify/InventoryItem/46982583189573,15
"FACETED CZECH GLASS FIRE POLISHED MULTI COLOR BEADS (CRYSTAL, SAPPHIRE & LIGHT AMETHYST) (8mm)",FP-8mm-48002,gid://shopify/InventoryItem/46982583222341,15
"FACETED CZECH GLASS FIRE POLISHED MULTI COLOR BEADS (CRYSTAL, SAPPHIRE & LIGHT AMETHYST) (10mm)",FP-10mm-48002,gid://shopify/InventoryItem/46982583255109,15
"FACETED CZECH GLASS FIRE POLISHED MULTI COLOR BEADS (CRYSTAL, AQUA & AMBER) (4mm)",FP-4mm-48004,gid://shopify/InventoryItem/46982556090437,15
"FACETED CZECH GLASS FIRE POLISHED MULTI COLOR BEADS (CRYSTAL, AQUA & AMBER) (6mm)",FP-6mm-48004,gid://shopify/InventoryItem/46982556123205,15
"FACETED CZECH GLASS FIRE POLISHED MULTI COLOR BEADS (CRYSTAL, AQUA & AMBER) (8mm)",FP-8mm-48004,gid://shopify/InventoryItem/46982556155973,15
"FACETED CZECH GLASS FIRE POLISHED MULTI COLOR BEADS (CRYSTAL, AQUA & AMBER) (10mm)",FP-10mm-48004,gid://shopify/InventoryItem/46982556188741,15
"FACETED CZECH GLASS FIRE POLISHED MULTI COLOR BEADS (CRYSTAL, EMERALD & GRAPE) (4mm)",FP-4mm-48006,gid://shopify/InventoryItem/46982548553797,15
"FACETED CZECH GLASS FIRE POLISHED MULTI COLOR BEADS (CRYSTAL, EMERALD & GRAPE) (6mm)",FP-6mm-48006,gid://shopify/InventoryItem/46982548586565,15
"FACETED CZECH GLASS FIRE POLISHED MULTI COLOR BEADS (CRYSTAL, EMERALD & GRAPE) (8mm)",FP-8mm-48006,gid://shopify/InventoryItem/46982548619333,15
"FACETED CZECH GLASS FIRE POLISHED MULTI COLOR BEADS (CRYSTAL, EMERALD & GRAPE) (10mm)",FP-10mm-48006,gid://shopify/InventoryItem/46982548652101,15
"FACETED CZECH GLASS FIRE POLISHED MULTI COLOR BEADS (CRYSTAL, AMBER, RUBY) (4mm)",FP-4mm-48009,gid://shopify/InventoryItem/46982540329029,15
"FACETED CZECH GLASS FIRE POLISHED MULTI COLOR BEADS (CRYSTAL, AMBER, RUBY) (6mm)",FP-6mm-48009,gid://shopify/InventoryItem/46982540361797,15
"FACETED CZECH GLASS FIRE POLISHED MULTI COLOR BEADS (CRYSTAL, AMBER, RUBY) (8mm)",FP-8mm-48009,gid://shopify/InventoryItem/46982540394565,15
"FACETED CZECH GLASS FIRE POLISHED MULTI COLOR BEADS (CRYSTAL, AMBER, RUBY) (10mm)",FP-10mm-48009,gid://shopify/InventoryItem/46982540427333,15
"FACETED CZECH GLASS FIRE POLISHED MULTI COLOR BEADS (CRYSTAL, AQUA & SPEARMINT) (4mm)",FP-4mm-48010,gid://shopify/InventoryItem/46982521552965,15
"FACETED CZECH GLASS FIRE POLISHED MULTI COLOR BEADS (CRYSTAL, AQUA & SPEARMINT) (6mm)",FP-6mm-48010,gid://shopify/InventoryItem/46982521585733,15
"FACETED CZECH GLASS FIRE POLISHED MULTI COLOR BEADS (CRYSTAL, AQUA & SPEARMINT) (8mm)",FP-8mm-48010,gid://shopify/InventoryItem/46982521618501,15
"FACETED CZECH GLASS FIRE POLISHED MULTI COLOR BEADS (CRYSTAL, AQUA & SPEARMINT) (10mm)",FP-10mm-48010,gid://shopify/InventoryItem/46982521651269,15
"FACETED CZECH GLASS FIRE POLISHED MULTI COLOR BEADS (CRYSTAL, SAPPHIRE & AQUA) (4mm)",FP-4mm-48012,gid://shopify/InventoryItem/46982497599557,15
"FACETED CZECH GLASS FIRE POLISHED MULTI COLOR BEADS (CRYSTAL, SAPPHIRE & AQUA) (6mm)",FP-6mm-48012,gid://shopify/InventoryItem/46982497632325,15
"FACETED CZECH GLASS FIRE POLISHED MULTI COLOR BEADS (CRYSTAL, SAPPHIRE & AQUA) (8mm)",FP-8mm-48012,gid://shopify/InventoryItem/46982497665093,15
"FACETED CZECH GLASS FIRE POLISHED MULTI COLOR BEADS (CRYSTAL, SAPPHIRE & AQUA) (10mm)",FP-10mm-48012,gid://shopify/InventoryItem/46982497697861,15
"FACETED CZECH GLASS FIRE POLISHED MULTI COLOR BEADS (CRYSTAL, FUCHSIA & AQUA) (4mm)",FP-4mm-48013,gid://shopify/InventoryItem/46982599082053,15
"FACETED CZECH GLASS FIRE POLISHED MULTI COLOR BEADS (CRYSTAL, FUCHSIA & AQUA) (6mm)",FP-6mm-48013,gid://shopify/InventoryItem/46982599114821,15
"FACETED CZECH GLASS FIRE POLISHED MULTI COLOR BEADS (CRYSTAL, FUCHSIA & AQUA) (8mm)",FP-8mm-48013,gid://shopify/InventoryItem/46982599147589,15
"FACETED CZECH GLASS FIRE POLISHED MULTI COLOR BEADS (CRYSTAL, FUCHSIA & AQUA) (10mm)",FP-10mm-48013,gid://shopify/InventoryItem/46982599180357,15
"FACETED CZECH GLASS FIRE POLISHED MULTI COLOR BEADS (CRYSTAL, AMBER & PINK) (4mm)",FP-4mm-48016,gid://shopify/InventoryItem/46982609862725,15
"FACETED CZECH GLASS FIRE POLISHED MULTI COLOR BEADS (CRYSTAL, AMBER & PINK) (6mm)",FP-6mm-48016,gid://shopify/InventoryItem/46982609895493,15
"FACETED CZECH GLASS FIRE POLISHED MULTI COLOR BEADS (CRYSTAL, AMBER & PINK) (8mm)",FP-8mm-48016,gid://shopify/InventoryItem/46982609928261,15
"FACETED CZECH GLASS FIRE POLISHED MULTI COLOR BEADS (CRYSTAL, AMBER & PINK) (10mm)",FP-10mm-48016,gid://shopify/InventoryItem/46982609961029,15
"FACETED CZECH GLASS FIRE POLISHED MULTI COLOR BEADS (CRYSTAL, PINK & FUCHSIA) (4mm)",FP-4mm-48020,gid://shopify/InventoryItem/46982636863557,15
"FACETED CZECH GLASS FIRE POLISHED MULTI COLOR BEADS (CRYSTAL, PINK & FUCHSIA) (6mm)",FP-6mm-48020,gid://shopify/InventoryItem/46982636896325,15
"FACETED CZECH GLASS FIRE POLISHED MULTI COLOR BEADS (CRYSTAL, PINK & FUCHSIA) (8mm)",FP-8mm-48020,gid://shopify/InventoryItem/46982636929093,15
"FACETED CZECH GLASS FIRE POLISHED MULTI COLOR BEADS (CRYSTAL, PINK & FUCHSIA) (10mm)",FP-10mm-48020,gid://shopify/InventoryItem/46982636961861,15
"FACETED CZECH GLASS FIRE POLISHED MULTI COLOR BEADS (CRYSTAL, PADPARADSCHA & LIGHT AMETHYST) (4mm)",FP-4mm-48021,gid://shopify/InventoryItem/46982661308485,15
"FACETED CZECH GLASS FIRE POLISHED MULTI COLOR BEADS (CRYSTAL, PADPARADSCHA & LIGHT AMETHYST) (6mm)",FP-6mm-48021,gid://shopify/InventoryItem/46982661341253,15
"FACETED CZECH GLASS FIRE POLISHED MULTI COLOR BEADS (CRYSTAL, PADPARADSCHA & LIGHT AMETHYST) (8mm)",FP-8mm-48021,gid://shopify/InventoryItem/46982661374021,15
"FACETED CZECH GLASS FIRE POLISHED MULTI COLOR BEADS (CRYSTAL, PADPARADSCHA & LIGHT AMETHYST) (10mm)",FP-10mm-48021,gid://shopify/InventoryItem/46982661406789,15
"FACETED CZECH GLASS FIRE POLISHED MULTI COLOR BEADS (CRYSTAL, LIGHT AMETHYST & GRAPE) (4mm)",FP-4mm-48022,gid://shopify/InventoryItem/46982682804293,15
"FACETED CZECH GLASS FIRE POLISHED MULTI COLOR BEADS (CRYSTAL, LIGHT AMETHYST & GRAPE) (6mm)",FP-6mm-48022,gid://shopify/InventoryItem/46982682837061,15
"FACETED CZECH GLASS FIRE POLISHED MULTI COLOR BEADS (CRYSTAL, LIGHT AMETHYST & GRAPE) (8mm)",FP-8mm-48022,gid://shopify/InventoryItem/46982682869829,15
"FACETED CZECH GLASS FIRE POLISHED MULTI COLOR BEADS (CRYSTAL, LIGHT AMETHYST & GRAPE) (10mm)",FP-10mm-48022,gid://shopify/InventoryItem/46982682902597,15
FACETED CZECH GLASS FIRE POLISHED MULTI COLOR BEADS (ART GLASS CRYSTAL SWIRL) (4mm),FP-4mm-08006,gid://shopify/InventoryItem/46982696730693,15
FACETED CZECH GLASS FIRE POLISHED MULTI COLOR BEADS (ART GLASS CRYSTAL SWIRL) (6mm),FP-6mm-08006,gid://shopify/InventoryItem/46982696763461,15
FACETED CZECH GLASS FIRE POLISHED MULTI COLOR BEADS (ART GLASS CRYSTAL SWIRL) (8mm),FP-8mm-08006,gid://shopify/InventoryItem/46982696796229,15
FACETED CZECH GLASS FIRE POLISHED MULTI COLOR BEADS (ART GLASS CRYSTAL SWIRL) (10mm),FP-10mm-08006,gid://shopify/InventoryItem/46982696828997,15
FACETED CZECH GLASS FIRE POLISHED MULTI COLOR BEADS (TORTOISE SHELL GLASS) (3mm),FP-3mm-18016,gid://shopify/InventoryItem/46982706888773,15
FACETED CZECH GLASS FIRE POLISHED MULTI COLOR BEADS (TORTOISE SHELL GLASS) (4mm),FP-4mm-18016,gid://shopify/InventoryItem/46982701383749,15
FACETED CZECH GLASS FIRE POLISHED MULTI COLOR BEADS (TORTOISE SHELL GLASS) (5mm),FP-5mm-18016,gid://shopify/InventoryItem/46982703611973,15
FACETED CZECH GLASS FIRE POLISHED MULTI COLOR BEADS (TORTOISE SHELL GLASS) (6mm),FP-6mm-18016,gid://shopify/InventoryItem/46982701416517,15
FACETED CZECH GLASS FIRE POLISHED MULTI COLOR BEADS (TORTOISE SHELL GLASS) (8mm),FP-8mm-18016,gid://shopify/InventoryItem/46982701449285,15
FACETED CZECH GLASS FIRE POLISHED MULTI COLOR BEADS (TORTOISE SHELL GLASS) (10mm),FP-10mm-18016,gid://shopify/InventoryItem/46982701482053,15
FACETED CZECH GLASS FIRE POLISHED  AGATE COLOR BEADS - GOLDEN HORN - MOCHA AGATE (4mm),FP-4mm-17113,gid://shopify/InventoryItem/46988733087813,15
FACETED CZECH GLASS FIRE POLISHED  AGATE COLOR BEADS - GOLDEN HORN - MOCHA AGATE (6mm),FP-6mm-17113,gid://shopify/InventoryItem/46988733120581,15
FACETED CZECH GLASS FIRE POLISHED  AGATE COLOR BEADS - GOLDEN HORN - MOCHA AGATE (8mm),FP-8mm-17113,gid://shopify/InventoryItem/46988733153349,15
FACETED CZECH GLASS FIRE POLISHED  AGATE COLOR BEADS - GREY HORN AGATE (4mm),FP-4mm-26107,gid://shopify/InventoryItem/46989229326405,15
FACETED CZECH GLASS FIRE POLISHED  AGATE COLOR BEADS - GREY HORN AGATE (6mm),FP-6mm-26107,gid://shopify/InventoryItem/46989229359173,15
FACETED CZECH GLASS FIRE POLISHED  AGATE COLOR BEADS - GREY HORN AGATE (8mm),FP-8mm-26107,gid://shopify/InventoryItem/46989229391941,15
FACETED CZECH GLASS FIRE POLISHED  AGATE COLOR BEADS - BURNT HORN - TIGER EYE (4mm),FP-4mm-26117,gid://shopify/InventoryItem/46989240893509,15
FACETED CZECH GLASS FIRE POLISHED  AGATE COLOR BEADS - BURNT HORN - TIGER EYE (5mm),FP-5mm-26117,gid://shopify/InventoryItem/46989246332997,15
FACETED CZECH GLASS FIRE POLISHED  AGATE COLOR BEADS - BURNT HORN - TIGER EYE (6mm),FP-6mm-26117,gid://shopify/InventoryItem/46989240926277,15
FACETED CZECH GLASS FIRE POLISHED  AGATE COLOR BEADS - BURNT HORN - TIGER EYE (8mm),FP-8mm-26117,gid://shopify/InventoryItem/46989240959045,15
FACETED CZECH GLASS FIRE POLISHED  AGATE COLOR BEADS - BLUE AGATE - SODALITE (4mm),FP-4mm-26307,gid://shopify/InventoryItem/46989300793413,15
FACETED CZECH GLASS FIRE POLISHED  AGATE COLOR BEADS - BLUE AGATE - SODALITE (6mm),FP-6mm-26307,gid://shopify/InventoryItem/46989300826181,15
FACETED CZECH GLASS FIRE POLISHED  AGATE COLOR BEADS - BLUE AGATE - SODALITE (8mm),FP-8mm-26307,gid://shopify/InventoryItem/46989300858949,15
FACETED CZECH GLASS FIRE POLISHED  AGATE COLOR BEADS - GREEN AGATE - MALACHITE (4mm),FP-4mm-26507,gid://shopify/InventoryItem/46989350109253,15
FACETED CZECH GLASS FIRE POLISHED  AGATE COLOR BEADS - GREEN AGATE - MALACHITE (6mm),FP-6mm-26507,gid://shopify/InventoryItem/46989350142021,15
FACETED CZECH GLASS FIRE POLISHED  AGATE COLOR BEADS - GREEN AGATE - MALACHITE (8mm),FP-8mm-26507,gid://shopify/InventoryItem/46989350174789,15
FACETED CZECH GLASS FIRE POLISHED  AGATE COLOR BEADS - BLUE TURQUOISE WITH BLACK MATRIX (4mm),FP-4mm-26607,gid://shopify/InventoryItem/46989366165573,15
FACETED CZECH GLASS FIRE POLISHED  AGATE COLOR BEADS - BLUE TURQUOISE WITH BLACK MATRIX (6mm),FP-6mm-26607,gid://shopify/InventoryItem/46989366198341,15
FACETED CZECH GLASS FIRE POLISHED  AGATE COLOR BEADS - BLUE TURQUOISE WITH BLACK MATRIX (8mm),FP-8mm-26607,gid://shopify/InventoryItem/46989366231109,15
FACETED CZECH GLASS FIRE POLISHED  AGATE COLOR BEADS - BROWN HORN AGATE (4mm),FP-4mm-26907,gid://shopify/InventoryItem/46989374521413,15
FACETED CZECH GLASS FIRE POLISHED  AGATE COLOR BEADS - BROWN HORN AGATE (6mm),FP-6mm-26907,gid://shopify/InventoryItem/46989374554181,15
FACETED CZECH GLASS FIRE POLISHED  AGATE COLOR BEADS - BROWN HORN AGATE (8mm),FP-8mm-26907,gid://shopify/InventoryItem/46989374586949,15
FACETED CZECH GLASS FIRE POLISHED BEADS  - DARK TOPAZ WITH HALF SILVER COATING (3mm),FP-3mm-2006S,gid://shopify/InventoryItem/47004543647813,15
FACETED CZECH GLASS FIRE POLISHED BEADS  - DARK TOPAZ WITH HALF SILVER COATING (4mm),FP-4mm-2006S,gid://shopify/InventoryItem/47004531720261,15
FACETED CZECH GLASS FIRE POLISHED BEADS  - DARK TOPAZ WITH HALF SILVER COATING (6mm),FP-6mm-2006S,gid://shopify/InventoryItem/47004531753029,15
FACETED CZECH GLASS FIRE POLISHED BEADS  - DARK TOPAZ WITH HALF SILVER COATING (8mm),FP-8mm-2006S,gid://shopify/InventoryItem/47004531785797,15
FACETED CZECH GLASS FIRE POLISHED BEADS  - AMETHYST WITH HALF SILVER COATING (3mm),FP-3mm-1011S,gid://shopify/InventoryItem/47005451747397,15
FACETED CZECH GLASS FIRE POLISHED BEADS  - AMETHYST WITH HALF SILVER COATING (4mm),FP-4mm-1011S,gid://shopify/InventoryItem/47005451780165,15
FACETED CZECH GLASS FIRE POLISHED BEADS  - AMETHYST WITH HALF SILVER COATING (6mm),FP-6mm-1011S,gid://shopify/InventoryItem/47005451812933,15
FACETED CZECH GLASS FIRE POLISHED BEADS  - AMETHYST WITH HALF SILVER COATING (8mm),FP-8mm-1011S,gid://shopify/InventoryItem/47005451845701,15
FACETED CZECH GLASS FIRE POLISHED BEADS  - COBALT WITH HALF SILVER COATING (3mm),FP-3mm-3009S,gid://shopify/InventoryItem/47005459513413,15
FACETED CZECH GLASS FIRE POLISHED BEADS  - COBALT WITH HALF SILVER COATING (4mm),FP-4mm-3009S,gid://shopify/InventoryItem/47005459546181,15
FACETED CZECH GLASS FIRE POLISHED BEADS  - COBALT WITH HALF SILVER COATING (6mm),FP-6mm-3009S,gid://shopify/InventoryItem/47005459578949,15
FACETED CZECH GLASS FIRE POLISHED BEADS  - COBALT WITH HALF SILVER COATING (8mm),FP-8mm-3009S,gid://shopify/InventoryItem/47005459611717,15
FACETED CZECH GLASS FIRE POLISHED BEADS  - SMOKE GREY WITH HALF SILVER COATING (3mm),FP-3mm-4002S,gid://shopify/InventoryItem/47005474226245,15
FACETED CZECH GLASS FIRE POLISHED BEADS  - SMOKE GREY WITH HALF SILVER COATING (4mm),FP-4mm-4002S,gid://shopify/InventoryItem/47005474259013,15
FACETED CZECH GLASS FIRE POLISHED BEADS  - SMOKE GREY WITH HALF SILVER COATING (6mm),FP-6mm-4002S,gid://shopify/InventoryItem/47005474291781,15
FACETED CZECH GLASS FIRE POLISHED BEADS  - SMOKE GREY WITH HALF SILVER COATING (8mm),FP-8mm-4002S,gid://shopify/InventoryItem/47005474324549,15
FACETED CZECH GLASS FIRE POLISHED BEADS  - OLIVINE WITH HALF SILVER COATING (3mm),FP-3mm-5024S,gid://shopify/InventoryItem/47005526523973,15
FACETED CZECH GLASS FIRE POLISHED BEADS  - OLIVINE WITH HALF SILVER COATING (4mm),FP-4mm-5024S,gid://shopify/InventoryItem/47005526556741,15
FACETED CZECH GLASS FIRE POLISHED BEADS  - OLIVINE WITH HALF SILVER COATING (6mm),FP-6mm-5024S,gid://shopify/InventoryItem/47005526589509,15
FACETED CZECH GLASS FIRE POLISHED BEADS  - OLIVINE WITH HALF SILVER COATING (8mm),FP-8mm-5024S,gid://shopify/InventoryItem/47005526622277,15
FACETED CZECH GLASS FIRE POLISHED BEADS  - DARK AQUA WITH HALF SILVER COATING (3mm),FP-3mm-6008S,gid://shopify/InventoryItem/47005527670853,15
FACETED CZECH GLASS FIRE POLISHED BEADS  - DARK AQUA WITH HALF SILVER COATING (4mm),FP-4mm-6008S,gid://shopify/InventoryItem/47005527703621,15
FACETED CZECH GLASS FIRE POLISHED BEADS  - DARK AQUA WITH HALF SILVER COATING (6mm),FP-6mm-6008S,gid://shopify/InventoryItem/47005527736389,15
FACETED CZECH GLASS FIRE POLISHED BEADS  - DARK AQUA WITH HALF SILVER COATING (8mm),FP-8mm-6008S,gid://shopify/InventoryItem/47005527769157,15
FACETED CZECH GLASS FIRE POLISHED BEADS  - BLUE ZIRCON WITH HALF SILVER COATING (3mm),FP-3mm-6022S,gid://shopify/InventoryItem/47005528424517,15
FACETED CZECH GLASS FIRE POLISHED BEADS  - BLUE ZIRCON WITH HALF SILVER COATING (4mm),FP-4mm-6022S,gid://shopify/InventoryItem/47005528457285,15
FACETED CZECH GLASS FIRE POLISHED BEADS  - BLUE ZIRCON WITH HALF SILVER COATING (6mm),FP-6mm-6022S,gid://shopify/InventoryItem/47005528490053,15
FACETED CZECH GLASS FIRE POLISHED BEADS  - BLUE ZIRCON WITH HALF SILVER COATING (8mm),FP-8mm-6022S,gid://shopify/InventoryItem/47005528522821,15
FACETED CZECH GLASS FIRE POLISHED BEADS  - LIGHT SIAM RUBY WITH HALF SILVER COATING (3mm),FP-3mm-9008S,gid://shopify/InventoryItem/47005529047109,15
FACETED CZECH GLASS FIRE POLISHED BEADS  - LIGHT SIAM RUBY WITH HALF SILVER COATING (4mm),FP-4mm-9008S,gid://shopify/InventoryItem/47005529079877,15
FACETED CZECH GLASS FIRE POLISHED BEADS  - LIGHT SIAM RUBY WITH HALF SILVER COATING (6mm),FP-6mm-9008S,gid://shopify/InventoryItem/47005529112645,15
FACETED CZECH GLASS FIRE POLISHED BEADS  - LIGHT SIAM RUBY WITH HALF SILVER COATING (8mm),FP-8mm-9008S,gid://shopify/InventoryItem/47005529145413,15
FACETED CZECH GLASS FIRE POLISHED BEADS  - SIAM RUBY WITH HALF SILVER COATING (3mm),FP-3mm-9010S,gid://shopify/InventoryItem/47005529735237,15
FACETED CZECH GLASS FIRE POLISHED BEADS  - SIAM RUBY WITH HALF SILVER COATING (4mm),FP-4mm-9010S,gid://shopify/InventoryItem/47005529768005,15
FACETED CZECH GLASS FIRE POLISHED BEADS  - SIAM RUBY WITH HALF SILVER COATING (6mm),FP-6mm-9010S,gid://shopify/InventoryItem/47005529800773,15
FACETED CZECH GLASS FIRE POLISHED BEADS  - SIAM RUBY WITH HALF SILVER COATING (8mm),FP-8mm-9010S,gid://shopify/InventoryItem/47005529833541,15
FACETED CZECH GLASS FIRE POLISHED BEADS  - CRYSTAL WITH HALF SILVER COATING (3mm),FP-3mm-27001,gid://shopify/InventoryItem/47005531766853,15
FACETED CZECH GLASS FIRE POLISHED BEADS  - CRYSTAL WITH HALF SILVER COATING (4mm),FP-4mm-27001,gid://shopify/InventoryItem/47005531799621,15
FACETED CZECH GLASS FIRE POLISHED BEADS  - CRYSTAL WITH HALF SILVER COATING (6mm),FP-6mm-27001,gid://shopify/InventoryItem/47005531832389,15
FACETED CZECH GLASS FIRE POLISHED BEADS  - CRYSTAL WITH HALF SILVER COATING (8mm),FP-8mm-27001,gid://shopify/InventoryItem/47005531865157,15
3 CUT 9/0 LIGHT TOPAZ TRANSPARENT LUSTER PRECIOSA ORNELA BEADS (Mini Pack),3CUT-9/0-16020mini,gid://shopify/InventoryItem/47102246584389,15
3 CUT 9/0 LIGHT TOPAZ TRANSPARENT LUSTER PRECIOSA ORNELA BEADS (Factory Pack),3CUT-9/0-16020,gid://shopify/InventoryItem/47102246617157,15
3 CUT 9/0 TOPAZ TRANSPARENT LUSTER PRECIOSA ORNELA BEADS (Mini Pack),3CUT-9/0-16050mini,gid://shopify/InventoryItem/47102248419397,15
3 CUT 9/0 TOPAZ TRANSPARENT LUSTER PRECIOSA ORNELA BEADS (Factory Pack),3CUT-9/0-16050,gid://shopify/InventoryItem/47102248452165,15
3 CUT 9/0 DARK TOPAZ TRANSPARENT LUSTER PRECIOSA ORNELA BEADS (Mini Pack),3CUT-9/0-16070mini,gid://shopify/InventoryItem/47102251204677,15
3 CUT 9/0 DARK TOPAZ TRANSPARENT LUSTER PRECIOSA ORNELA BEADS (Factory Pack),3CUT-9/0-16070,gid://shopify/InventoryItem/47102251237445,15
3 CUT 9/0 SMOKE TOPAZ TRANSPARENT LUSTER PRECIOSA ORNELA BEADS (Mini Pack),3CUT-9/0-16110mini,gid://shopify/InventoryItem/47102253006917,15
3 CUT 9/0 SMOKE TOPAZ TRANSPARENT LUSTER PRECIOSA ORNELA BEADS (Factory Pack),3CUT-9/0-16110,gid://shopify/InventoryItem/47102253039685,15
3 CUT 9/0 AMETHYST TRANSPARENT LUSTER PRECIOSA ORNELA BEADS (Mini Pack),3CUT-9/0-26060mini,gid://shopify/InventoryItem/47102739382341,15
3 CUT 9/0 AMETHYST TRANSPARENT LUSTER PRECIOSA ORNELA BEADS (Factory Pack),3CUT-9/0-26060,gid://shopify/InventoryItem/47102739415109,15
3 CUT 9/0 LIGHT SAPPHIRE TRANSPARENT LUSTER PRECIOSA ORNELA BEADS (Mini Pack),3CUT-9/0-36030mini,gid://shopify/InventoryItem/47102746492997,15
3 CUT 9/0 LIGHT SAPPHIRE TRANSPARENT LUSTER PRECIOSA ORNELA BEADS (Factory Pack),3CUT-9/0-36030,gid://shopify/InventoryItem/47102746525765,15
3 CUT 9/0 SAPPHIRE TRANSPARENT LUSTER PRECIOSA ORNELA BEADS (Mini Pack),3CUT-9/0-36050mini,gid://shopify/InventoryItem/47102751801413,15
3 CUT 9/0 SAPPHIRE TRANSPARENT LUSTER PRECIOSA ORNELA BEADS (Factory Pack),3CUT-9/0-36050,gid://shopify/InventoryItem/47102751834181,15
3 CUT 9/0 DARK SAPPHIRE TRANSPARENT LUSTER PRECIOSA ORNELA BEADS (Mini Pack),3CUT-9/0-36080mini,gid://shopify/InventoryItem/47104277512261,15
3 CUT 9/0 DARK SAPPHIRE TRANSPARENT LUSTER PRECIOSA ORNELA BEADS (Factory Pack),3CUT-9/0-36080,gid://shopify/InventoryItem/47104277545029,15
3 CUT 9/0 COBALT TRANSPARENT LUSTER PRECIOSA ORNELA BEADS (Mini Pack),3CUT-9/0-36100mini,gid://shopify/InventoryItem/47104304218181,15
3 CUT 9/0 COBALT TRANSPARENT LUSTER PRECIOSA ORNELA BEADS (Factory Pack),3CUT-9/0-36100,gid://shopify/InventoryItem/47104304250949,15
3 CUT 9/0 SMOKE GREY TRANSPARENT LUSTER PRECIOSA ORNELA BEADS (Mini Pack),3CUT-9/0-46010mini,gid://shopify/InventoryItem/47104326664261,15
3 CUT 9/0 SMOKE GREY TRANSPARENT LUSTER PRECIOSA ORNELA BEADS (Factory Pack),3CUT-9/0-46010,gid://shopify/InventoryItem/47104326697029,15
3 CUT 9/0 CRYSTAL TRANSPARENT LUSTER PRECIOSA ORNELA BEADS (Mini Pack),3CUT-9/0-48102mini,gid://shopify/InventoryItem/47104366542917,15
3 CUT 9/0 CRYSTAL TRANSPARENT LUSTER PRECIOSA ORNELA BEADS (Factory Pack),3CUT-9/0-48102,gid://shopify/InventoryItem/47104366575685,15
3 CUT 9/0 GREEN TRANSPARENT LUSTER PRECIOSA ORNELA BEADS (Mini Pack),3CUT-9/0-56100mini,gid://shopify/InventoryItem/47104430899269,15
3 CUT 9/0 GREEN TRANSPARENT LUSTER PRECIOSA ORNELA BEADS (Factory Pack),3CUT-9/0-56100,gid://shopify/InventoryItem/47104430932037,15
3 CUT 9/0 FOREST GREEN  TRANSPARENT LUSTER PRECIOSA ORNELA BEADS (Mini Pack),3CUT-9/0-56620mini,gid://shopify/InventoryItem/47107822518341,15
3 CUT 9/0 FOREST GREEN  TRANSPARENT LUSTER PRECIOSA ORNELA BEADS (Factory Pack),3CUT-9/0-56620,gid://shopify/InventoryItem/47107822551109,15
3 CUT 9/0 AQUA TRANSPARENT LUSTER PRECIOSA ORNELA BEADS (Mini Pack),3CUT-9/0-66000mini,gid://shopify/InventoryItem/47107825401925,15
3 CUT 9/0 AQUA TRANSPARENT LUSTER PRECIOSA ORNELA BEADS (Factory Pack),3CUT-9/0-66000,gid://shopify/InventoryItem/47107825434693,15
3 CUT 9/0 MONTANA TRANSPARENT LUSTER PRECIOSA ORNELA BEADS (Mini Pack),3CUT-9/0-66100mini,gid://shopify/InventoryItem/47107830710341,15
3 CUT 9/0 MONTANA TRANSPARENT LUSTER PRECIOSA ORNELA BEADS (Factory Pack),3CUT-9/0-66100,gid://shopify/InventoryItem/47107830743109,15
3 CUT 9/0 CAPRI BLUE TRANSPARENT LUSTER PRECIOSA ORNELA BEADS (Mini Pack),3CUT-9/0-66300mini,gid://shopify/InventoryItem/47107834445893,15
3 CUT 9/0 CAPRI BLUE TRANSPARENT LUSTER PRECIOSA ORNELA BEADS (Factory Pack),3CUT-9/0-66300,gid://shopify/InventoryItem/47107834478661,15
3 CUT 9/0 HYACINTH TRANSPARENT LUSTER PRECIOSA ORNELA BEADS (Mini Pack),3CUT-9/0-96030mini,gid://shopify/InventoryItem/47108193452101,15
3 CUT 9/0 HYACINTH TRANSPARENT LUSTER PRECIOSA ORNELA BEADS (Factory Pack),3CUT-9/0-96030,gid://shopify/InventoryItem/47108193484869,15
3 CUT 9/0 LIGHT SIAM RUBY TRANSPARENT LUSTER PRECIOSA ORNELA BEADS (Mini Pack),3CUT-9/0-96070mini,gid://shopify/InventoryItem/47108402315333,15
3 CUT 9/0 LIGHT SIAM RUBY TRANSPARENT LUSTER PRECIOSA ORNELA BEADS (Factory Pack),3CUT-9/0-96070,gid://shopify/InventoryItem/47108402348101,15
3 CUT 9/0 SIAM RUBY TRANSPARENT LUSTER PRECIOSA ORNELA BEADS (Mini Pack),3CUT-9/0-96090mini,gid://shopify/InventoryItem/47108404576325,15
3 CUT 9/0 SIAM RUBY TRANSPARENT LUSTER PRECIOSA ORNELA BEADS (Factory Pack),3CUT-9/0-96090,gid://shopify/InventoryItem/47108404609093,15
3 CUT 9/0 GARNET TRANSPARENT LUSTER PRECIOSA ORNELA BEADS (Mini Pack),3CUT-9/0-96120mini,gid://shopify/InventoryItem/47108408115269,15
3 CUT 9/0 GARNET TRANSPARENT LUSTER PRECIOSA ORNELA BEADS (Factory Pack),3CUT-9/0-96120,gid://shopify/InventoryItem/47108408148037,15
3 CUT 9/0 GOLD TRANSPARENT SILVER LINED PRECIOSA ORNELA BEADS (Mini Pack),3CUT-9/0-17050mini,gid://shopify/InventoryItem/47099185758277,15
3 CUT 9/0 GOLD TRANSPARENT SILVER LINED PRECIOSA ORNELA BEADS (Factory Pack),3CUT-9/0-17050,gid://shopify/InventoryItem/47099185725509,15
3 CUT 9/0 DARK TOPAZ TRANSPARENT SILVER LINED PRECIOSA ORNELA BEADS (Mini Pack),3CUT-9/0-17090mini,gid://shopify/InventoryItem/47099182514245,15
3 CUT 9/0 DARK TOPAZ TRANSPARENT SILVER LINED PRECIOSA ORNELA BEADS (Factory Pack),3CUT-9/0-17090,gid://shopify/InventoryItem/47099182481477,15
3 CUT 9/0 CITRINE TRANSPARENT LUSTER PRECIOSA ORNELA BEADS (Mini Pack),3CUT-9/0-96070mini,gid://shopify/InventoryItem/47108419256389,15
3 CUT 9/0 CITRINE TRANSPARENT LUSTER PRECIOSA ORNELA BEADS (Factory Pack),3CUT-9/0-96070,gid://shopify/InventoryItem/47108419289157,15
3 CUT 9/0 SMOKE TOPAZ TRANSPARENT SILVER LINED PRECIOSA ORNELA BEADS (Mini Pack),3CUT-9/0-17110mini,gid://shopify/InventoryItem/47109727420485,15
3 CUT 9/0 SMOKE TOPAZ TRANSPARENT SILVER LINED PRECIOSA ORNELA BEADS (Factory Pack),3CUT-9/0-17110,gid://shopify/InventoryItem/47109727453253,15
3 CUT 9/0 LIGHT AMETHYST TRANSPARENT SILVER LINED PRECIOSA ORNELA BEADS (Mini Pack),3CUT-9/0-27010mini,gid://shopify/InventoryItem/47109784731717,15
3 CUT 9/0 LIGHT AMETHYST TRANSPARENT SILVER LINED PRECIOSA ORNELA BEADS (Factory Pack),3CUT-9/0-27010,gid://shopify/InventoryItem/47109784764485,15
3 CUT 9/0 AMETHYST TRANSPARENT SILVER LINED PRECIOSA ORNELA BEADS (Mini Pack),3CUT-9/0-27060mini,gid://shopify/InventoryItem/47109897748549,15
3 CUT 9/0 AMETHYST TRANSPARENT SILVER LINED PRECIOSA ORNELA BEADS (Factory Pack),3CUT-9/0-27060,gid://shopify/InventoryItem/47109897781317,15
3 CUT 9/0 LIGHT SAPPHIRE TRANSPARENT SILVER LINED PRECIOSA ORNELA BEADS (Mini Pack),3CUT-9/0-37030mini,gid://shopify/InventoryItem/47110196297797,15
3 CUT 9/0 LIGHT SAPPHIRE TRANSPARENT SILVER LINED PRECIOSA ORNELA BEADS (Factory Pack),3CUT-9/0-37030,gid://shopify/InventoryItem/47110196330565,15
3 CUT 9/0 SAPPHIRE TRANSPARENT SILVER LINED PRECIOSA ORNELA BEADS (Mini Pack),3CUT-9/0-37050mini,gid://shopify/InventoryItem/47110207602757,15
3 CUT 9/0 SAPPHIRE TRANSPARENT SILVER LINED PRECIOSA ORNELA BEADS (Factory Pack),3CUT-9/0-37050,gid://shopify/InventoryItem/47110207635525,15
3 CUT 9/0 COBALT TRANSPARENT SILVER LINED PRECIOSA ORNELA BEADS (Mini Pack),3CUT-9/0-37100mini,gid://shopify/InventoryItem/47110229721157,15
3 CUT 9/0 COBALT TRANSPARENT SILVER LINED PRECIOSA ORNELA BEADS (Factory Pack),3CUT-9/0-37100,gid://shopify/InventoryItem/47110229753925,15
3 CUT 9/0 PERIDOT TRANSPARENT SILVER LINED PRECIOSA ORNELA BEADS (Mini Pack),3CUT-9/0-57430mini,gid://shopify/InventoryItem/47117301645381,15
3 CUT 9/0 PERIDOT TRANSPARENT SILVER LINED PRECIOSA ORNELA BEADS (Factory Pack),3CUT-9/0-57430,gid://shopify/InventoryItem/47117301678149,15
3 CUT 9/0 FOREST GREEN TRANSPARENT SILVER LINED PRECIOSA ORNELA BEADS (Mini Pack),3CUT-9/0-57620mini,gid://shopify/InventoryItem/47117321994309,15
3 CUT 9/0 FOREST GREEN TRANSPARENT SILVER LINED PRECIOSA ORNELA BEADS (Factory Pack),3CUT-9/0-57620,gid://shopify/InventoryItem/47117322027077,15
3 CUT 9/0 LIGHT AQUA TRANSPARENT SILVER LINED PRECIOSA ORNELA BEADS (Mini Pack),3CUT-9/0-67000mini,gid://shopify/InventoryItem/47117331660869,15
3 CUT 9/0 LIGHT AQUA TRANSPARENT SILVER LINED PRECIOSA ORNELA BEADS (Factory Pack),3CUT-9/0-67000,gid://shopify/InventoryItem/47117331693637,15
3 CUT 9/0 AQUAMARINE TRANSPARENT SILVER LINED PRECIOSA ORNELA BEADS (Mini Pack),3CUT-9/0-67030mini,gid://shopify/InventoryItem/47117341229125,15
3 CUT 9/0 AQUAMARINE TRANSPARENT SILVER LINED PRECIOSA ORNELA BEADS (Factory Pack),3CUT-9/0-67030,gid://shopify/InventoryItem/47117341261893,15
3 CUT 9/0 DARK AQUA TRANSPARENT SILVER LINED PRECIOSA ORNELA BEADS (Mini Pack),3CUT-9/0-67150mini,gid://shopify/InventoryItem/47117358596165,15
3 CUT 9/0 DARK AQUA TRANSPARENT SILVER LINED PRECIOSA ORNELA BEADS (Factory Pack),3CUT-9/0-67150,gid://shopify/InventoryItem/47117358628933,15
3 CUT 9/0 LIGHT BLUE ZIRCON TRANSPARENT SILVER LINED PRECIOSA ORNELA BEADS (Mini Pack),3CUT-9/0-67210mini,gid://shopify/InventoryItem/47117366526021,15
3 CUT 9/0 LIGHT BLUE ZIRCON TRANSPARENT SILVER LINED PRECIOSA ORNELA BEADS (Factory Pack),3CUT-9/0-67210,gid://shopify/InventoryItem/47117366558789,15
3 CUT 9/0 BLUE ZIRCON TRANSPARENT SILVER LINED PRECIOSA ORNELA BEADS (Mini Pack),3CUT-9/0-67230mini,gid://shopify/InventoryItem/47117375569989,15
3 CUT 9/0 BLUE ZIRCON TRANSPARENT SILVER LINED PRECIOSA ORNELA BEADS (Factory Pack),3CUT-9/0-67230,gid://shopify/InventoryItem/47117375602757,15
3 CUT 9/0 CRYSTAL TRANSPARENT SILVER LINED PRECIOSA ORNELA BEADS (Mini Pack),3CUT-9/0-78102mini,gid://shopify/InventoryItem/47117382058053,15
3 CUT 9/0 CRYSTAL TRANSPARENT SILVER LINED PRECIOSA ORNELA BEADS (Factory Pack),3CUT-9/0-78102,gid://shopify/InventoryItem/47117382090821,15
3 CUT 9/0 CITRINE TRANSPARENT SILVER LINED PRECIOSA ORNELA BEADS (Mini Pack),3CUT-9/0-87010mini,gid://shopify/InventoryItem/47138742403141,15
3 CUT 9/0 CITRINE TRANSPARENT SILVER LINED PRECIOSA ORNELA BEADS (Factory Pack),3CUT-9/0-87010,gid://shopify/InventoryItem/47138742435909,15
3 CUT 9/0 MANGO TRANSPARENT SILVER LINED PRECIOSA ORNELA BEADS (Mini Pack),3CUT-9/0-87070mini,gid://shopify/InventoryItem/47138746695749,15
3 CUT 9/0 MANGO TRANSPARENT SILVER LINED PRECIOSA ORNELA BEADS (Factory Pack),3CUT-9/0-87070,gid://shopify/InventoryItem/47138746728517,15
3 CUT 9/0 HYACINTH TRANSPARENT SILVER LINED  PRECIOSA ORNELA BEADS (Mini Pack),3CUT-9/0-97030mini,gid://shopify/InventoryItem/47138752528453,15
3 CUT 9/0 HYACINTH TRANSPARENT SILVER LINED  PRECIOSA ORNELA BEADS (Factory Pack),3CUT-9/0-97030,gid://shopify/InventoryItem/47138752561221,15
3 CUT 9/0 LIGHT SIAM RUBY TRANSPARENT SILVER LINED PRECIOSA ORNELA BEADS (Mini Pack),3CUT-9/0-97070mini,gid://shopify/InventoryItem/47138834907205,15
3 CUT 9/0 LIGHT SIAM RUBY TRANSPARENT SILVER LINED PRECIOSA ORNELA BEADS (Factory Pack),3CUT-9/0-97070,gid://shopify/InventoryItem/47138834939973,15
3 CUT 9/0 SIAM RUBY TRANSPARENT SILVER LINED PRECIOSA ORNELA BEADS (Mini Pack),3CUT-9/0-97090mini,gid://shopify/InventoryItem/47138841559109,15
3 CUT 9/0 SIAM RUBY TRANSPARENT SILVER LINED PRECIOSA ORNELA BEADS (Factory Pack),3CUT-9/0-97090,gid://shopify/InventoryItem/47138841591877,15
3 CUT 9/0 GARNET TRANSPARENT SILVER LINED PRECIOSA ORNELA BEADS (Mini Pack),3CUT-9/0-97120mini,gid://shopify/InventoryItem/47138935570501,15
3 CUT 9/0 GARNET TRANSPARENT SILVER LINED PRECIOSA ORNELA BEADS (Factory Pack),3CUT-9/0-97120,gid://shopify/InventoryItem/47138935603269,15
3 CUT 9/0 SILVER METALLIC PRECIOSA ORNELA BEADS (Mini Pack),3CUT-9/0-18303mini,gid://shopify/InventoryItem/47138965422149,15
3 CUT 9/0 SILVER METALLIC PRECIOSA ORNELA BEADS (Factory Pack),3CUT-9/0-18303,gid://shopify/InventoryItem/47138965454917,15
Vintage Western German Plexy Faceted Beads - OLIVINE AB (Mini Pack / 10mm),G03326-10mm-olvine-ab-mini,gid://shopify/InventoryItem/47152616407109,15
Vintage Western German Plexy Faceted Beads - OLIVINE AB (Mini Pack / 12mm),G03326-12mm-olvine-ab-mini,gid://shopify/InventoryItem/47181840613445,15
Vintage Western German Plexy Faceted Beads - OLIVINE AB (Factory Pack / 10mm),G03326-10mm-olvine-ab,gid://shopify/InventoryItem/47152616439877,15
Vintage Western German Plexy Faceted Beads - OLIVINE AB (Factory Pack / 12mm),G03326-12mm-olvine-ab,gid://shopify/InventoryItem/47181840646213,15
Vintage Western German Plexy Faceted Beads - FUCHSIA AB (Mini Pack / 12mm),G03326-12mm-fuchsia-ab-mini,gid://shopify/InventoryItem/47161551487045,15
Vintage Western German Plexy Faceted Beads - FUCHSIA AB (Mini Pack / 14mm),G03326-14mm-fuchsia-ab-mini,gid://shopify/InventoryItem/47161561448517,15
Vintage Western German Plexy Faceted Beads - FUCHSIA AB (Mini Pack / 16mm),G03326-16mm-fuchsia-ab-mini,gid://shopify/InventoryItem/47161561481285,15
Vintage Western German Plexy Faceted Beads - FUCHSIA AB (Mini Pack / 18mm),G03326-18mm-fuchsia-ab-mini,gid://shopify/InventoryItem/47161561514053,15
Vintage Western German Plexy Faceted Beads - FUCHSIA AB (Mini Pack / 20mm),G03326-20mm-fuchsia-ab-mini,gid://shopify/InventoryItem/47161561546821,15
Vintage Western German Plexy Faceted Beads - FUCHSIA AB (Factory Pack / 12mm),G03326-12mm-fuchsia-ab,gid://shopify/InventoryItem/47161561579589,15
Vintage Western German Plexy Faceted Beads - FUCHSIA AB (Factory Pack / 14mm),G03326-14mm-fuchsia-ab,gid://shopify/InventoryItem/47161561612357,15
Vintage Western German Plexy Faceted Beads - FUCHSIA AB (Factory Pack / 16mm),G03326-16mm-fuchsia-ab,gid://shopify/InventoryItem/47161561645125,15
Vintage Western German Plexy Faceted Beads - FUCHSIA AB (Factory Pack / 18mm),G03326-18mm-fuchsia-ab,gid://shopify/InventoryItem/47161561677893,15
Vintage Western German Plexy Faceted Beads - FUCHSIA AB (Factory Pack / 20mm),G03326-20mm-fuchsia-ab,gid://shopify/InventoryItem/47161561710661,15
CZECH RHINESTONE RONDELLES - CRYSTAL/SILVER (Mini Pack / 4.5mm),9010-4.5mm-0002S-mini,gid://shopify/InventoryItem/47161586712645,15
CZECH RHINESTONE RONDELLES - CRYSTAL/SILVER (Mini Pack / 5mm),9010-5mm-0002S-mini,gid://shopify/InventoryItem/47167124701253,15
CZECH RHINESTONE RONDELLES - CRYSTAL/SILVER (Mini Pack / 6mm),9010-6mm-0002S-mini,gid://shopify/InventoryItem/47167124734021,15
CZECH RHINESTONE RONDELLES - CRYSTAL/SILVER (Mini Pack / 7mm),9010-7mm-0002S-mini,gid://shopify/InventoryItem/47167124766789,15
CZECH RHINESTONE RONDELLES - CRYSTAL/SILVER (Mini Pack / 8mm),9010-8mm-0002S-mini,gid://shopify/InventoryItem/47167124799557,15
CZECH RHINESTONE RONDELLES - CRYSTAL/SILVER (Mini Pack / 10mm),9010-10mm-0002S-mini,gid://shopify/InventoryItem/47167124832325,15
CZECH RHINESTONE RONDELLES - CRYSTAL/SILVER (Mini Pack / 12mm),9010-12mm-0002S-mini,gid://shopify/InventoryItem/47167124865093,15
CZECH RHINESTONE RONDELLES - CRYSTAL/SILVER (Mini Pack / 14mm),9010-14mm-0002S-mini,gid://shopify/InventoryItem/47167124897861,15
CZECH RHINESTONE RONDELLES - CRYSTAL/SILVER (Factory Pack / 4.5mm),9010-4.5mm-0002S,gid://shopify/InventoryItem/47167124930629,15
CZECH RHINESTONE RONDELLES - CRYSTAL/SILVER (Factory Pack / 5mm),9010-5mm-0002S,gid://shopify/InventoryItem/47167124963397,15
Vintage Western German Plexy Faceted Beads - PLUM AB (Mini Pack / 12mm),G03326-12mm-plum-ab-mini,gid://shopify/InventoryItem/47181845233733,15
Vintage Western German Plexy Faceted Beads - PLUM AB (Mini Pack / 14mm),G03326-14mm-plum-ab-mini,gid://shopify/InventoryItem/47181845266501,15
Vintage Western German Plexy Faceted Beads - PLUM AB (Mini Pack / 16mm),G03326-16mm-plum-ab-mini,gid://shopify/InventoryItem/47181845299269,15
Vintage Western German Plexy Faceted Beads - PLUM AB (Mini Pack / 18mm),G03326-18mm-plum-ab-mini,gid://shopify/InventoryItem/47181845332037,15
Vintage Western German Plexy Faceted Beads - PLUM AB (Mini Pack / 20mm),G03326-20mm-plum-ab-mini,gid://shopify/InventoryItem/47181845364805,15
Vintage Western German Plexy Faceted Beads - PLUM AB (Factory Pack / 12mm),G03326-12mm-plum-ab,gid://shopify/InventoryItem/47181845397573,15
Vintage Western German Plexy Faceted Beads - PLUM AB (Factory Pack / 14mm),G03326-14mm-plum-ab,gid://shopify/InventoryItem/47181845430341,15
Vintage Western German Plexy Faceted Beads - PLUM AB (Factory Pack / 16mm),G03326-16mm-plum-ab,gid://shopify/InventoryItem/47181845463109,15
Vintage Western German Plexy Faceted Beads - PLUM AB (Factory Pack / 18mm),G03326-18mm-plum-ab,gid://shopify/InventoryItem/47181845495877,15
Vintage Western German Plexy Faceted Beads - PLUM AB (Factory Pack / 20mm),G03326-20mm-plum-ab,gid://shopify/InventoryItem/47181845528645,15
Vintage Western German Plexy Faceted Beads - ROYAL BLUE AB (Mini Pack / 12mm),G03326-12mm-royal-blue-ab-mini,gid://shopify/InventoryItem/47181893861445,15
Vintage Western German Plexy Faceted Beads - ROYAL BLUE AB (Mini Pack / 14mm),G03326-14mm-royal-blue-ab-mini,gid://shopify/InventoryItem/47181893894213,15
Vintage Western German Plexy Faceted Beads - ROYAL BLUE AB (Mini Pack / 16mm),G03326-16mm-royal-blue-ab-mini,gid://shopify/InventoryItem/47181893926981,15
Vintage Western German Plexy Faceted Beads - ROYAL BLUE AB (Mini Pack / 18mm),G03326-18mm-royal-blue-ab-mini,gid://shopify/InventoryItem/47181893959749,15
Vintage Western German Plexy Faceted Beads - ROYAL BLUE AB (Factory Pack / 12mm),G03326-12mm-royal-blue-ab,gid://shopify/InventoryItem/47181894025285,15
Vintage Western German Plexy Faceted Beads - ROYAL BLUE AB (Factory Pack / 14mm),G03326-14mm-royal-blue-ab,gid://shopify/InventoryItem/47181894058053,15
Vintage Western German Plexy Faceted Beads - ROYAL BLUE AB (Factory Pack / 16mm),G03326-16mm-royal-blue-ab,gid://shopify/InventoryItem/47181894090821,15
Vintage Western German Plexy Faceted Beads - ROYAL BLUE AB (Factory Pack / 18mm),G03326-18mm-royal-blue-ab,gid://shopify/InventoryItem/47181894123589,15
Vintage Western German Plexy Faceted Beads - SMOKE TOPAZ AB (Mini Pack / 12mm),G03326-12mm-smoke-topaz-ab-mini,gid://shopify/InventoryItem/47181919977541,15
Vintage Western German Plexy Faceted Beads - SMOKE TOPAZ AB (Mini Pack / 14mm),G03326-14mm-smoke-topaz-ab-mini,gid://shopify/InventoryItem/47181920010309,15
Vintage Western German Plexy Faceted Beads - SMOKE TOPAZ AB (Mini Pack / 16mm),G03326-16mm-smoke-topaz-ab-mini,gid://shopify/InventoryItem/47181920043077,15
Vintage Western German Plexy Faceted Beads - SMOKE TOPAZ AB (Mini Pack / 18mm),G03326-18mm-smoke-topaz-ab-mini,gid://shopify/InventoryItem/47181920075845,15
Vintage Western German Plexy Faceted Beads - SMOKE TOPAZ AB (Mini Pack / 20mm),G03326-20mm-smoke-topaz-ab-mini,gid://shopify/InventoryItem/47181920108613,15
Vintage Western German Plexy Faceted Beads - SMOKE TOPAZ AB (Factory Pack / 12mm),G03326-12mm-smoke-topaz-ab,gid://shopify/InventoryItem/47181920141381,15
Vintage Western German Plexy Faceted Beads - SMOKE TOPAZ AB (Factory Pack / 14mm),G03326-14mm-smoke-topaz-ab,gid://shopify/InventoryItem/47181920174149,15
Vintage Western German Plexy Faceted Beads - SMOKE TOPAZ AB (Factory Pack / 16mm),G03326-16mm-smoke-topaz-ab,gid://shopify/InventoryItem/47181920206917,15
Vintage Western German Plexy Faceted Beads - SMOKE TOPAZ AB (Factory Pack / 18mm),G03326-18mm-smoke-topaz-ab,gid://shopify/InventoryItem/47181920239685,15
Vintage Western German Plexy Faceted Beads - SMOKE TOPAZ AB (Factory Pack / 20mm),G03326-20mm-smoke-topaz-ab,gid://shopify/InventoryItem/47181920272453,15
Vintage Western German Plexy Beads - IVORY POWDERED WITH GOLD RUFFLE (Mini Pack / 20mm),G0131-20mm-ivory-powdered-gold-ruffle-mini,gid://shopify/InventoryItem/47181941702725,15
Vintage Western German Plexy Beads - IVORY POWDERED WITH GOLD RUFFLE (Factory Pack / 20mm),G0131-20mm-ivory-powdered-gold-ruffle,gid://shopify/InventoryItem/47181956284485,15
Vintage Western German Plexy Beads - LIGHT BLUE POWDERED  WITH GOLD RUFFLE (Mini Pack / 20mm),G0131-20mm-light-blue-powdered-gold-ruffle-mini,gid://shopify/InventoryItem/47182420934725,15
Vintage Western German Plexy Beads - LIGHT BLUE POWDERED  WITH GOLD RUFFLE (Factory Pack / 20mm),G0131-20mm-light-blue-powdered-gold-ruffle,gid://shopify/InventoryItem/47182420967493,15
Vintage Western German Plexy Beads - LIGHT GREEN WITH GOLD RUFFLE (Mini Pack / 20mm),G0131-20mm-light-green-gold-ruffle-mini,gid://shopify/InventoryItem/47182428307525,15
Vintage Western German Plexy Beads - LIGHT GREEN WITH GOLD RUFFLE (Factory Pack / 20mm),G0131-20mm-light-green-gold-ruffle,gid://shopify/InventoryItem/47182428340293,15
Vintage Western German Plexy Beads - PINK WITH GOLD RUFFLE (Mini Pack / 20mm),G0131-20mm-pink-gold-ruffle-mini,gid://shopify/InventoryItem/47182437679173,15
Vintage Western German Plexy Beads - PINK WITH GOLD RUFFLE (Factory Pack / 20mm),G0131-20mm-pink-gold-ruffle,gid://shopify/InventoryItem/47182437711941,15
Vintage Western German Plexy Beads - SOFT BLACK RUFFLE (Mini Pack / 20mm),G0131-20mm-soft-black-ruffle-mini,gid://shopify/InventoryItem/47182453932101,15
Vintage Western German Plexy Beads - SOFT BLACK RUFFLE (Factory Pack / 20mm),G0131-20mm-soft-black-ruffle,gid://shopify/InventoryItem/47182453964869,15
Vintage Western German Plexy Beads - SOFT GOLD RUFFLE (Mini Pack / 20mm),G0131-20mm-soft-gold-ruffle-mini,gid://shopify/InventoryItem/47182459535429,15
Vintage Western German Plexy Beads - SOFT GOLD RUFFLE (Factory Pack / 20mm),G0131-20mm-soft-gold-ruffle,gid://shopify/InventoryItem/47182459568197,15
CZECH RHINESTONE RONDELLES - CRYSTAL/GOLD (Mini Pack / 4.5mm),9010-4.5mm-0002G-mini,gid://shopify/InventoryItem/47182570618949,15
CZECH RHINESTONE RONDELLES - CRYSTAL/GOLD (Mini Pack / 5mm),9010-5mm-0002G-mini,gid://shopify/InventoryItem/47182570651717,15
CZECH RHINESTONE RONDELLES - CRYSTAL/GOLD (Mini Pack / 6mm),9010-6mm-0002G-mini,gid://shopify/InventoryItem/47182570684485,15
CZECH RHINESTONE RONDELLES - CRYSTAL/GOLD (Mini Pack / 7mm),9010-7mm-0002G-mini,gid://shopify/InventoryItem/47182570717253,15
CZECH RHINESTONE RONDELLES - CRYSTAL/GOLD (Mini Pack / 8mm),9010-8mm-0002G-mini,gid://shopify/InventoryItem/47182570750021,15
CZECH RHINESTONE RONDELLES - CRYSTAL/GOLD (Mini Pack / 10mm),9010-10mm-0002G-mini,gid://shopify/InventoryItem/47182570782789,15
CZECH RHINESTONE RONDELLES - CRYSTAL/GOLD (Mini Pack / 12mm),9010-12mm-0002G-mini,gid://shopify/InventoryItem/47182570815557,15
CZECH RHINESTONE RONDELLES - CRYSTAL/GOLD (Mini Pack / 14mm),9010-14mm-0002G-mini,gid://shopify/InventoryItem/47182570848325,15
CZECH RHINESTONE RONDELLES - CRYSTAL/GOLD (Factory Pack / 4.5mm),9010-4.5mm-0002G,gid://shopify/InventoryItem/47182570881093,15
CZECH RHINESTONE RONDELLES - CRYSTAL/GOLD (Factory Pack / 5mm),9010-5mm-0002G,gid://shopify/InventoryItem/47182570913861,15
CZECH RHINESTONE RONDELLES - CRYSTAL AB / SILVER (Mini Pack / 4.5mm),9010-4.5mm-0002AS-mini,gid://shopify/InventoryItem/47182600175685,15
CZECH RHINESTONE RONDELLES - CRYSTAL AB / SILVER (Mini Pack / 5mm),9010-5mm-0002AS-mini,gid://shopify/InventoryItem/47182600208453,15
CZECH RHINESTONE RONDELLES - CRYSTAL AB / SILVER (Mini Pack / 6mm),9010-6mm-0002AS-mini,gid://shopify/InventoryItem/47182600241221,15
CZECH RHINESTONE RONDELLES - CRYSTAL AB / SILVER (Mini Pack / 7mm),9010-7mm-0002AS-mini,gid://shopify/InventoryItem/47182600273989,15
CZECH RHINESTONE RONDELLES - CRYSTAL AB / SILVER (Mini Pack / 8mm),9010-8mm-0002AS-mini,gid://shopify/InventoryItem/47182600306757,15
CZECH RHINESTONE RONDELLES - CRYSTAL AB / SILVER (Mini Pack / 10mm),9010-10mm-0002AS-mini,gid://shopify/InventoryItem/47182600339525,15
CZECH RHINESTONE RONDELLES - CRYSTAL AB / SILVER (Mini Pack / 12mm),9010-12mm-0002AS-mini,gid://shopify/InventoryItem/47182600372293,15
CZECH RHINESTONE RONDELLES - CRYSTAL AB / SILVER (Mini Pack / 14mm),9010-14mm-0002AS-mini,gid://shopify/InventoryItem/47182600405061,15
CZECH RHINESTONE RONDELLES - CRYSTAL AB / SILVER (Factory Pack / 4.5mm),9010-4.5mm-0002AS,gid://shopify/InventoryItem/47182600437829,15
CZECH RHINESTONE RONDELLES - CRYSTAL AB / SILVER (Factory Pack / 5mm),9010-5mm-0002AS,gid://shopify/InventoryItem/47182600470597,15
CZECH RHINESTONE RONDELLES - CRYSTAL AB / GOLD (Mini Pack / 4.5mm),9010-4.5mm-0002AG-mini,gid://shopify/InventoryItem/47182638153797,15
CZECH RHINESTONE RONDELLES - CRYSTAL AB / GOLD (Mini Pack / 5mm),9010-5mm-0002AG-mini,gid://shopify/InventoryItem/47182638186565,15
CZECH RHINESTONE RONDELLES - CRYSTAL AB / GOLD (Mini Pack / 6mm),9010-6mm-0002AG-mini,gid://shopify/InventoryItem/47182638219333,15
CZECH RHINESTONE RONDELLES - CRYSTAL AB / GOLD (Mini Pack / 7mm),9010-7mm-0002AG-mini,gid://shopify/InventoryItem/47182638252101,15
CZECH RHINESTONE RONDELLES - CRYSTAL AB / GOLD (Mini Pack / 8mm),9010-8mm-0002AG-mini,gid://shopify/InventoryItem/47182638284869,15
CZECH RHINESTONE RONDELLES - CRYSTAL AB / GOLD (Mini Pack / 10mm),9010-10mm-0002AG-mini,gid://shopify/InventoryItem/47182638317637,15
CZECH RHINESTONE RONDELLES - CRYSTAL AB / GOLD (Mini Pack / 12mm),9010-12mm-0002AG-mini,gid://shopify/InventoryItem/47182638350405,15
CZECH RHINESTONE RONDELLES - CRYSTAL AB / GOLD (Mini Pack / 14mm),9010-14mm-0002AG-mini,gid://shopify/InventoryItem/47182638383173,15
CZECH RHINESTONE RONDELLES - CRYSTAL AB / GOLD (Factory Pack / 4.5mm),9010-4.5mm-0002AG,gid://shopify/InventoryItem/47182638415941,15
CZECH RHINESTONE RONDELLES - CRYSTAL AB / GOLD (Factory Pack / 5mm),9010-5mm-0002AG,gid://shopify/InventoryItem/47182638448709,15
G0162 Silk Vintage Art Deco Fan Pendants (Mini Pack / Multi Silk),G0162-MULTISILK-MINI,gid://shopify/InventoryItem/47182718140485,15
G0162 Silk Vintage Art Deco Fan Pendants (Factory Pack / Multi Silk),G0162-MULTISILK,gid://shopify/InventoryItem/47182718173253,15
G0162 Silk Vintage Art Deco Fan Pendants (Mini Pack / Blue Silk),G0162-BLUESILK-MINI,gid://shopify/InventoryItem/47182718206021,15
G0162 Silk Vintage Art Deco Fan Pendants (Factory Pack / Blue Silk),G0162-BLUESILK,gid://shopify/InventoryItem/47182718238789,15
G0162 Silk Vintage Art Deco Fan Pendants (Mini Pack / Dark Blue Silk),G0162-DARKBLUESILK-MINI,gid://shopify/InventoryItem/47182718271557,15
G0162 Silk Vintage Art Deco Fan Pendants (Factory Pack / Dark Blue Silk),G0162-DARKBLUESILK,gid://shopify/InventoryItem/47182718304325,15
G0162 Silk Vintage Art Deco Fan Pendants (Mini Pack / Orange Silk),G0162-ORANGESILK-MINI,gid://shopify/InventoryItem/47182718337093,15
G0162 Silk Vintage Art Deco Fan Pendants (Factory Pack / Orange Silk),G0162-ORANGESILK,gid://shopify/InventoryItem/47182718369861,15
G0162 Silk Vintage Art Deco Fan Pendants (Mini Pack / Pearl White Silk),G0162-PEARLWHITESILK-MINI,gid://shopify/InventoryItem/47182718402629,15
G0162 Silk Vintage Art Deco Fan Pendants (Factory Pack / Pearl White Silk),G0162-PEARLWHITESILK,gid://shopify/InventoryItem/47182718435397,15
G0162 Transparent Vintage Art Deco Fan Pendants (Mini Pack / Multi Transparent),G0162-MULTITRANSPARENT-MINI,gid://shopify/InventoryItem/47182718599237,15
G0162 Transparent Vintage Art Deco Fan Pendants (Factory Pack / Multi Transparent),G0162-MULTITRANSPARENT,gid://shopify/InventoryItem/47182718632005,15
G0162 Transparent Vintage Art Deco Fan Pendants (Mini Pack / Aquamarine Transparent),G0162-AQUAMARINETRANSPARENT-MINI,gid://shopify/InventoryItem/47182718664773,15
G0162 Transparent Vintage Art Deco Fan Pendants (Factory Pack / Aquamarine Transparent),G0162-AQUAMARINETRANSPARENT,gid://shopify/InventoryItem/47182718697541,15
G0162 Transparent Vintage Art Deco Fan Pendants (Mini Pack / Citrine Transparent),G0162-CITRINETRANSPARENT-MINI,gid://shopify/InventoryItem/47182718730309,15
G0162 Transparent Vintage Art Deco Fan Pendants (Factory Pack / Citrine Transparent),G0162-CITRINETRANSPARENT,gid://shopify/InventoryItem/47182718763077,15
G0162 Transparent Vintage Art Deco Fan Pendants (Mini Pack / Fuchsia Transparent),G0162-FUCHSIATRANSPARENT-MINI,gid://shopify/InventoryItem/47182718795845,15
G0162 Transparent Vintage Art Deco Fan Pendants (Factory Pack / Fuchsia Transparent),G0162-FUCHSIATRANSPARENT,gid://shopify/InventoryItem/47182718828613,15
G0162 Transparent Vintage Art Deco Fan Pendants (Mini Pack / Hyacinth Transparent),G0162-HYACINTHTRANSPARENT-MINI,gid://shopify/InventoryItem/47182718861381,15
G0162 Transparent Vintage Art Deco Fan Pendants (Factory Pack / Hyacinth Transparent),G0162-HYACINTHTRANSPARENT,gid://shopify/InventoryItem/47182718894149,15
VINTAGE PRECIOSA CRYSTAL 64 FACETED ROUND BEADS - CRYSTAL AB (5mm),19602V-5mm-00030AB,gid://shopify/InventoryItem/47187807633477,15
VINTAGE PRECIOSA CRYSTAL 64 FACETED ROUND BEADS - CRYSTAL AB (6mm),19602V-6mm-00030AB,gid://shopify/InventoryItem/47187807666245,15
VINTAGE PRECIOSA CRYSTAL 64 FACETED ROUND BEADS - CRYSTAL AB (7mm),19602V-7mm-00030AB,gid://shopify/InventoryItem/47187807699013,15
VINTAGE PRECIOSA CRYSTAL 64 FACETED ROUND BEADS - CRYSTAL AB (8mm),19602V-8mm-00030AB,gid://shopify/InventoryItem/47187807731781,15
VINTAGE PRECIOSA CRYSTAL 64 FACETED ROUND BEADS - CRYSTAL AB (10mm),19602V-10mm-00030AB,gid://shopify/InventoryItem/47187807764549,15
VINTAGE PRECIOSA CRYSTAL 64 FACETED ROUND BEADS - CRYSTAL AB (11mm),19602V-11mm-00030AB,gid://shopify/InventoryItem/47187807797317,15
VINTAGE PRECIOSA CRYSTAL 64 FACETED ROUND BEADS - CRYSTAL (5mm),19602V-5mm-00030,gid://shopify/InventoryItem/47188584333381,15
VINTAGE PRECIOSA CRYSTAL 64 FACETED ROUND BEADS - CRYSTAL (6mm),19602V-6mm-00030,gid://shopify/InventoryItem/47188584366149,15
VINTAGE PRECIOSA CRYSTAL 64 FACETED ROUND BEADS - CRYSTAL (7mm),19602V-7mm-00030,gid://shopify/InventoryItem/47188584398917,15
VINTAGE PRECIOSA CRYSTAL 64 FACETED ROUND BEADS - CRYSTAL (8mm),19602V-8mm-00030,gid://shopify/InventoryItem/47188584431685,15
VINTAGE PRECIOSA CRYSTAL 64 FACETED ROUND BEADS - CRYSTAL (10mm),19602V-10mm-00030,gid://shopify/InventoryItem/47188584464453,15
VINTAGE PRECIOSA CRYSTAL 64 FACETED ROUND BEADS - CRYSTAL (12mm),19602V-12mm-00030,gid://shopify/InventoryItem/47188615594053,15
VINTAGE PRECIOSA CRYSTAL 16 FACETED BICONE BEADS - CRYSTAL (5mm),69301V-5mm-00030,gid://shopify/InventoryItem/47188640170053,15
VINTAGE PRECIOSA CRYSTAL 16 FACETED BICONE BEADS - CRYSTAL AB (5mm),69301V-5mm-00030AB,gid://shopify/InventoryItem/47188691058757,15
VINTAGE PRECIOSA CRYSTAL 16 FACETED BICONE BEADS - CRYSTAL AB (6mm),69301V-6mm-00030AB,gid://shopify/InventoryItem/47188691091525,15
VINTAGE PRECIOSA CRYSTAL 16 FACETED BICONE BEADS - CRYSTAL AB (10mm),69301V-10mm-00030AB,gid://shopify/InventoryItem/47188691189829,15
VINTAGE PRECIOSA CRYSTAL 16 FACETED BICONE BEADS - CRYSTAL AB (12mm),69301V-12mm-00030AB,gid://shopify/InventoryItem/47188725563461,15
CZECH RHINESTONE SQUAREDELLES - CRYSTAL/SILVER (Mini Pack / 4x4mm),9010-4x4mm-0002S-mini,gid://shopify/InventoryItem/47206577471557,15
CZECH RHINESTONE SQUAREDELLES - CRYSTAL/SILVER (Mini Pack / 4.5x4.5mm),9010-4.5x4.5mm-0002S-mini,gid://shopify/InventoryItem/47206591103045,15
CZECH RHINESTONE SQUAREDELLES - CRYSTAL/SILVER (Mini Pack / 6x6mm),9010-6x6mm-0002S-mini,gid://shopify/InventoryItem/47206591135813,15
CZECH RHINESTONE SQUAREDELLES - CRYSTAL/SILVER (Mini Pack / 8x8mm),9010-8x8mm-0002S-mini,gid://shopify/InventoryItem/47206591168581,15
CZECH RHINESTONE SQUAREDELLES - CRYSTAL/SILVER (Factory Pack / 4x4mm),9010-4x4mm-0002S,gid://shopify/InventoryItem/47206591201349,15
CZECH RHINESTONE SQUAREDELLES - CRYSTAL/SILVER (Factory Pack / 4.5x4.5mm),9010-4.5x4.5mm-0002S,gid://shopify/InventoryItem/47206591234117,15
CZECH RHINESTONE SQUAREDELLES - CRYSTAL/SILVER (Factory Pack / 6x6mm),9010-6x6mm-0002S,gid://shopify/InventoryItem/47206591266885,15
CZECH RHINESTONE SQUAREDELLES - CRYSTAL/SILVER (Factory Pack / 8x8mm),9010-8x8mm-0002S,gid://shopify/InventoryItem/47206591299653,15
CZECH RHINESTONE SQUAREDELLES - CRYSTAL/GOLD (Mini Pack / 4x4mm),9010-4x4mm-0002G-mini,gid://shopify/InventoryItem/47206603751493,15
CZECH RHINESTONE SQUAREDELLES - CRYSTAL/GOLD (Mini Pack / 4.5x4.5mm),9010-4.5x4.5mm-0002G-mini,gid://shopify/InventoryItem/47206603784261,15
CZECH RHINESTONE SQUAREDELLES - CRYSTAL/GOLD (Mini Pack / 6x6mm),9010-6x6mm-0002G-mini,gid://shopify/InventoryItem/47206603817029,15
CZECH RHINESTONE SQUAREDELLES - CRYSTAL/GOLD (Mini Pack / 8x8mm),9010-8x8mm-0002G-mini,gid://shopify/InventoryItem/47206603849797,15
CZECH RHINESTONE SQUAREDELLES - CRYSTAL/GOLD (Factory Pack / 4x4mm),9010-4x4mm-0002G,gid://shopify/InventoryItem/47206603882565,15
CZECH RHINESTONE SQUAREDELLES - CRYSTAL/GOLD (Factory Pack / 4.5x4.5mm),9010-4.5x4.5mm-0002G,gid://shopify/InventoryItem/47206603915333,15
CZECH RHINESTONE SQUAREDELLES - CRYSTAL/GOLD (Factory Pack / 6x6mm),9010-6x6mm-0002G,gid://shopify/InventoryItem/47206603948101,15
CZECH RHINESTONE SQUAREDELLES - CRYSTAL/GOLD (Factory Pack / 8x8mm),9010-8x8mm-0002G,gid://shopify/InventoryItem/47206603980869,15
CZECH RHINESTONE SQUAREDELLES - CRYSTAL AB / SILVER (Mini Pack / 4.5x4.5mm),9010-4.5x4.5mm-002AS-mini,gid://shopify/InventoryItem/47206608207941,15
CZECH RHINESTONE SQUAREDELLES - CRYSTAL AB / SILVER (Mini Pack / 6x6mm),9010-6x6mm-002AS-mini,gid://shopify/InventoryItem/47206608240709,15
CZECH RHINESTONE SQUAREDELLES - CRYSTAL AB / SILVER (Mini Pack / 8x8mm),9010-8x8mm-002AS-mini,gid://shopify/InventoryItem/47206608273477,15
CZECH RHINESTONE SQUAREDELLES - CRYSTAL AB / SILVER (Factory Pack / 4.5x4.5mm),9010-4.5x4.5mm-002AS,gid://shopify/InventoryItem/47206608339013,15
CZECH RHINESTONE SQUAREDELLES - CRYSTAL AB / SILVER (Factory Pack / 6x6mm),9010-6x6mm-002AS,gid://shopify/InventoryItem/47206608371781,15
CZECH RHINESTONE SQUAREDELLES - CRYSTAL AB / SILVER (Factory Pack / 8x8mm),9010-8x8mm-002AS,gid://shopify/InventoryItem/47206608404549,15
CZECH RHINESTONE SQUAREDELLES - CRYSTAL AB / GOLD (Mini Pack / 4.5x4.5mm),9010-4.5x4.5mm-002AG-mini,gid://shopify/InventoryItem/47206616858693,15
CZECH RHINESTONE SQUAREDELLES - CRYSTAL AB / GOLD (Mini Pack / 6x6mm),9010-6x6mm-002AG-mini,gid://shopify/InventoryItem/47206616891461,15
CZECH RHINESTONE SQUAREDELLES - CRYSTAL AB / GOLD (Mini Pack / 8x8mm),9010-8x8mm-002AG-mini,gid://shopify/InventoryItem/47206616924229,15
CZECH RHINESTONE SQUAREDELLES - CRYSTAL AB / GOLD (Factory Pack / 4.5x4.5mm),9010-4.5x4.5mm-002AG,gid://shopify/InventoryItem/47206616956997,15
CZECH RHINESTONE SQUAREDELLES - CRYSTAL AB / GOLD (Factory Pack / 6x6mm),9010-6x6mm-002AG,gid://shopify/InventoryItem/47206616989765,15
CZECH RHINESTONE SQUAREDELLES - CRYSTAL AB / GOLD (Factory Pack / 8x8mm),9010-8x8mm-002AG,gid://shopify/InventoryItem/47206617022533,15
Chunky Rondelle Large Hole Lampwork Glass Beads - P12002 (Mini Pack),P12002-14x10mm-mini,gid://shopify/InventoryItem/47206659489861,15
Chunky Rondelle Large Hole Lampwork Glass Beads - P12002 (Factory Pack),P12002-14x10mm,gid://shopify/InventoryItem/47206659522629,15
Chunky Rondelle Large Hole Lampwork Glass Beads - P12004 (Mini Pack),P12004-14x10mm-mini,gid://shopify/InventoryItem/47206876741701,15
Chunky Rondelle Large Hole Lampwork Glass Beads - P12004 (Factory Pack),P12004-14x10mm,gid://shopify/InventoryItem/47206876774469,15
Chunky Rondelle Large Hole Lampwork Glass Beads - P12006 (Mini Pack),P12006-14x10mm-mini,gid://shopify/InventoryItem/47206888013893,15
Chunky Rondelle Large Hole Lampwork Glass Beads - P12006 (Factory Pack),P12006-14x10mm,gid://shopify/InventoryItem/47206888046661,15
Chunky Rondelle Large Hole Lampwork Glass Beads - P12015 (Mini Pack),P12015-14x10mm-mini,gid://shopify/InventoryItem/47206906495045,15
Chunky Rondelle Large Hole Lampwork Glass Beads - P12015 (Factory Pack),P12015-14x10mm,gid://shopify/InventoryItem/47206906527813,15
Chunky Rondelle Large Hole Lampwork Glass Beads - P12016 (Mini Pack),P12016-14x10mm-mini,gid://shopify/InventoryItem/47206911737925,15
Chunky Rondelle Large Hole Lampwork Glass Beads - P12016 (Factory Pack),P12016-14x10mm,gid://shopify/InventoryItem/47206911770693,15
Chunky Rondelle Large Hole Lampwork Glass Beads - P12021 (Mini Pack),P12021-14x10mm-mini,gid://shopify/InventoryItem/47206917144645,15
Chunky Rondelle Large Hole Lampwork Glass Beads - P12021 (Factory Pack),P12021-14x10mm,gid://shopify/InventoryItem/47206917177413,15
Chunky Rondelle Large Hole Lampwork Glass Beads - P12022 (Mini Pack),P12022-14x10mm-mini,gid://shopify/InventoryItem/47206920355909,15
Chunky Rondelle Large Hole Lampwork Glass Beads - P12022 (Factory Pack),P12022-14x10mm,gid://shopify/InventoryItem/47206920388677,15
Chunky Rondelle Large Hole Lampwork Glass Beads - P12024 (Mini Pack),P12024-14x10mm-mini,gid://shopify/InventoryItem/47206924091461,15
Chunky Rondelle Large Hole Lampwork Glass Beads - P12024 (Factory Pack),P12024-14x10mm,gid://shopify/InventoryItem/47206924124229,15
Chunky Rondelle Large Hole Lampwork Glass Beads - P12025 (Mini Pack),P12025-14x10mm-mini,gid://shopify/InventoryItem/47206926680133,15
Chunky Rondelle Large Hole Lampwork Glass Beads - P12025 (Factory Pack),P12025-14x10mm,gid://shopify/InventoryItem/47206926712901,15
Chunky Rondelle Large Hole Lampwork Glass Beads - P12026 (Mini Pack),P12026-14x10mm-mini,gid://shopify/InventoryItem/47206929465413,15
Chunky Rondelle Large Hole Lampwork Glass Beads - P12026 (Factory Pack),P12026-14x10mm,gid://shopify/InventoryItem/47206929498181,15
Chunky Rondelle Large Hole Lampwork Glass Beads - P12027 (Mini Pack),P12027-14x10mm-mini,gid://shopify/InventoryItem/47206932086853,15
Chunky Rondelle Large Hole Lampwork Glass Beads - P12027 (Factory Pack),P12027-14x10mm,gid://shopify/InventoryItem/47206932119621,15
Chunky Rondelle Large Hole Lampwork Glass Beads - P12031 (Mini Pack),P12031-14x10mm-mini,gid://shopify/InventoryItem/47206937231429,15
Chunky Rondelle Large Hole Lampwork Glass Beads - P12031 (Factory Pack),P12031-14x10mm,gid://shopify/InventoryItem/47206937264197,15
Chunky Rondelle Large Hole Lampwork Glass Beads - P12032 (Mini Pack),P12032-14x10mm-mini,gid://shopify/InventoryItem/47206939557957,15
Chunky Rondelle Large Hole Lampwork Glass Beads - P12032 (Factory Pack),P12032-14x10mm,gid://shopify/InventoryItem/47206939590725,15
Chunky Rondelle Large Hole Lampwork Glass Beads - P12034 (Mini Pack),P12034-14x10mm-mini,gid://shopify/InventoryItem/47206941622341,15
Chunky Rondelle Large Hole Lampwork Glass Beads - P12034 (Factory Pack),P12034-14x10mm,gid://shopify/InventoryItem/47206941655109,15
Chunky Rondelle Large Hole Lampwork Glass Beads - P12036 (Mini Pack),P12036-14x10mm-mini,gid://shopify/InventoryItem/47206943817797,15
Chunky Rondelle Large Hole Lampwork Glass Beads - P12036 (Factory Pack),P12036-14x10mm,gid://shopify/InventoryItem/47206943850565,15
Chunky Rondelle Large Hole Lampwork Glass Beads - P12039 (Mini Pack),P12039-14x10mm-mini,gid://shopify/InventoryItem/47206946766917,15
Chunky Rondelle Large Hole Lampwork Glass Beads - P12039 (Factory Pack),P12039-14x10mm,gid://shopify/InventoryItem/47206946799685,15
Chunky Rondelle Large Hole Lampwork Glass Beads - P12042 (Mini Pack),P12042-14x10mm-mini,gid://shopify/InventoryItem/47206948536389,15
Chunky Rondelle Large Hole Lampwork Glass Beads - P12042 (Factory Pack),P12042-14x10mm,gid://shopify/InventoryItem/47206948569157,15
Chunky Rondelle Large Hole Lampwork Glass Beads - P12047 (Mini Pack),P12047-14x10mm-mini,gid://shopify/InventoryItem/47206950797381,15
Chunky Rondelle Large Hole Lampwork Glass Beads - P12047 (Factory Pack),P12047-14x10mm,gid://shopify/InventoryItem/47206950830149,15
Chunky Rondelle Large Hole Lampwork Glass Beads - P12050 (Mini Pack),P12050-14x10mm-mini,gid://shopify/InventoryItem/47206971736133,15
Chunky Rondelle Large Hole Lampwork Glass Beads - P12050 (Factory Pack),P12050-14x10mm,gid://shopify/InventoryItem/47206971768901,15
Chunky Rondelle Large Hole Lampwork Glass Beads - P12051 (Mini Pack),P12051-14x10mm-mini,gid://shopify/InventoryItem/47206974455877,15
Chunky Rondelle Large Hole Lampwork Glass Beads - P12051 (Factory Pack),P12051-14x10mm,gid://shopify/InventoryItem/47206974488645,15
Chunky Rondelle Large Hole Lampwork Glass Beads - P12058 (Mini Pack),P12058-14x10mm-mini,gid://shopify/InventoryItem/47206981894213,15
Chunky Rondelle Large Hole Lampwork Glass Beads - P12058 (Factory Pack),P12058-14x10mm,gid://shopify/InventoryItem/47206981926981,15
Chunky Rondelle Large Hole Lampwork Glass Beads - P12060 (Mini Pack),P12060-14x10mm-mini,gid://shopify/InventoryItem/47206987300933,15
Chunky Rondelle Large Hole Lampwork Glass Beads - P12060 (Factory Pack),P12060-14x10mm,gid://shopify/InventoryItem/47206987333701,15
Chunky Rondelle Large Hole Lampwork Glass Beads - P12063 (Mini Pack),P12063-14x10mm-mini,gid://shopify/InventoryItem/47206992183365,15
Chunky Rondelle Large Hole Lampwork Glass Beads - P12063 (Factory Pack),P12063-14x10mm,gid://shopify/InventoryItem/47206992216133,15
Chunky Rondelle Large Hole Lampwork Glass Beads - P12066 (Mini Pack),P12066-14x10mm-mini,gid://shopify/InventoryItem/47206996607045,15
Chunky Rondelle Large Hole Lampwork Glass Beads - P12066 (Factory Pack),P12066-14x10mm,gid://shopify/InventoryItem/47206996639813,15
Chunky Rondelle Large Hole Lampwork Glass Beads - P12069 (Mini Pack),P12069-14x10mm-mini,gid://shopify/InventoryItem/47207006470213,15
Chunky Rondelle Large Hole Lampwork Glass Beads - P12069 (Factory Pack),P12069-14x10mm,gid://shopify/InventoryItem/47207006502981,15
Chunky Rondelle Large Hole Lampwork Glass Beads - P12070 (Mini Pack),P12070-14x10mm-mini,gid://shopify/InventoryItem/47207014727749,15
Chunky Rondelle Large Hole Lampwork Glass Beads - P12070 (Factory Pack),P12070-14x10mm,gid://shopify/InventoryItem/47207014760517,15
Chunky Rondelle Large Hole Lampwork Glass Beads - P12071 (Mini Pack),P12071-14x10mm-mini,gid://shopify/InventoryItem/47207019511877,15
Chunky Rondelle Large Hole Lampwork Glass Beads - P12071 (Factory Pack),P12071-14x10mm,gid://shopify/InventoryItem/47207019544645,15
Chunky Rondelle Large Hole Lampwork Glass Beads - P12072 (Mini Pack),P12072-14x10mm-mini,gid://shopify/InventoryItem/47207023607877,15
Chunky Rondelle Large Hole Lampwork Glass Beads - P12072 (Factory Pack),P12072-14x10mm,gid://shopify/InventoryItem/47207023640645,15
Chunky Rondelle Large Hole Lampwork Glass Beads - P12073 (Mini Pack),P12073-14x10mm-mini,gid://shopify/InventoryItem/47207026851909,15
Chunky Rondelle Large Hole Lampwork Glass Beads - P12073 (Factory Pack),P12073-14x10mm,gid://shopify/InventoryItem/47207026884677,15
Chunky Rondelle Large Hole Lampwork Glass Beads - P12075 (Mini Pack),P12075-14x10mm-mini,gid://shopify/InventoryItem/47207028981829,15
Chunky Rondelle Large Hole Lampwork Glass Beads - P12075 (Factory Pack),P12075-14x10mm,gid://shopify/InventoryItem/47207029014597,15
Chunky Rondelle Large Hole Lampwork Glass Beads - P12077 (Mini Pack),P12077-14x10mm-mini,gid://shopify/InventoryItem/47207031275589,15
Chunky Rondelle Large Hole Lampwork Glass Beads - P12077 (Factory Pack),P12077-14x10mm,gid://shopify/InventoryItem/47207031308357,15
Chunky Rondelle Large Hole Lampwork Glass Beads - P12081 (Mini Pack),P12081-14x10mm-mini,gid://shopify/InventoryItem/47207033667653,15
Chunky Rondelle Large Hole Lampwork Glass Beads - P12081 (Factory Pack),P12081-14x10mm,gid://shopify/InventoryItem/47207033700421,15
Chunky Rondelle Large Hole Lampwork Glass Beads - P12082 (Mini Pack),P12082-14x10mm-mini,gid://shopify/InventoryItem/47207039500357,15
Chunky Rondelle Large Hole Lampwork Glass Beads - P12082 (Factory Pack),P12082-14x10mm,gid://shopify/InventoryItem/47207039533125,15
Chunky Rondelle Large Hole Lampwork Glass Beads - P12088 (Mini Pack),P12088-14x10mm-mini,gid://shopify/InventoryItem/47207051558981,15
Chunky Rondelle Large Hole Lampwork Glass Beads - P12088 (Factory Pack),P12088-14x10mm,gid://shopify/InventoryItem/47207051591749,15
Chunky Rondelle Large Hole Lampwork Glass Beads - P12091 (Mini Pack),P12091-14x10mm-mini,gid://shopify/InventoryItem/47207055982661,15
Chunky Rondelle Large Hole Lampwork Glass Beads - P12091 (Factory Pack),P12091-14x10mm,gid://shopify/InventoryItem/47207056015429,15
Chunky Mix Multi-Shape Beads - PEACHTOPIA (Mini Pack),chunky-mix-PEACHTOPIA-mini,gid://shopify/InventoryItem/47207072366661,15
Chunky Mix Multi-Shape Beads - PEACHTOPIA (Factory Pack),chunky-mix-PEACHTOPIA,gid://shopify/InventoryItem/47207072399429,15
Chunky Mix Multi-Shape Beads - CHROME (Mini Pack),chunky-mix-CHROME-mini,gid://shopify/InventoryItem/47213386694725,15
Chunky Mix Multi-Shape Beads - CHROME (Factory Pack),chunky-mix-CHROME,gid://shopify/InventoryItem/47213386727493,15
Chunky Mix Multi-Shape Beads - PURPLE IRIS INSIDE / BLUE IRIS OUTSIDE (Mini Pack),chunky-mix-PURPLE-IRIS-INSIDE-BLUE-IRIS-OUTSIDE-mini,gid://shopify/InventoryItem/47213388693573,15
Chunky Mix Multi-Shape Beads - PURPLE IRIS INSIDE / BLUE IRIS OUTSIDE (Factory Pack),chunky-mix-PURPLE-IRIS-INSIDE-BLUE-IRIS-OUTSIDE,gid://shopify/InventoryItem/47213388726341,15
Chunky Mix Multi-Shape Beads - CRYSTAL AB (Mini Pack),chunky-mix-CRYSTAL-AB-mini,gid://shopify/InventoryItem/47213393215557,15
Chunky Mix Multi-Shape Beads - CRYSTAL AB (Factory Pack),chunky-mix-CRYSTAL-AB,gid://shopify/InventoryItem/47213393248325,15
Chunky Mix Multi-Shape Beads - MONTANA IRIS / PURPLE IRIS (Mini Pack),chunky-mix-MONTANA-IRIS-PURPLE-IRIS-mini,gid://shopify/InventoryItem/47213394395205,15
Chunky Mix Multi-Shape Beads - MONTANA IRIS / PURPLE IRIS (Factory Pack),chunky-mix-MONTANA-IRIS-PURPLE-IRIS,gid://shopify/InventoryItem/47213394427973,15
Chunky Mix Multi-Shape Beads - CHROME INSIDE / AURUM OUTSIDE (Mini Pack),chunky-mix-CHROME-INSIDE-AURUM-OUTSIDE-mini,gid://shopify/InventoryItem/47213396230213,15
Chunky Mix Multi-Shape Beads - CHROME INSIDE / AURUM OUTSIDE (Factory Pack),chunky-mix-CHROME-INSIDE-AURUM-OUTSIDE,gid://shopify/InventoryItem/47213396262981,15
Chunky Mix Multi-Shape Beads - RED IRIS BOTH SIDES (Mini Pack),chunky-mix-RED-IRIS-BOTH-SIDES-mini,gid://shopify/InventoryItem/47213399408709,15
Chunky Mix Multi-Shape Beads - RED IRIS BOTH SIDES (Factory Pack),chunky-mix-RED-IRIS-BOTH-SIDES,gid://shopify/InventoryItem/47213399441477,15
Chunky Mix Multi-Shape Beads - BLUE IRIS BOTH SIDES (Mini Pack),chunky-mix-BLUE-IRIS-BOTH-SIDES-mini,gid://shopify/InventoryItem/47213400817733,15
Chunky Mix Multi-Shape Beads - BLUE IRIS BOTH SIDES (Factory Pack),chunky-mix-BLUE-IRIS-BOTH-SIDES,gid://shopify/InventoryItem/47213400850501,15
3 CUT 9/0 SPHINX (HEMATITE) OPAQUE LUSTER METALLIC PRECIOSA ORNELA BEADS (Mini Pack),3CUT-9/0-49102mini,gid://shopify/InventoryItem/47267661054021,15
3 CUT 9/0 SPHINX (HEMATITE) OPAQUE LUSTER METALLIC PRECIOSA ORNELA BEADS (Factory Pack),3CUT-9/0-49102,gid://shopify/InventoryItem/47267661086789,15
3 CUT 9/0 BROWN METALLIC IRIS PRECIOSA ORNELA BEADS (Mini Pack),3CUT-9/0-59115mini,gid://shopify/InventoryItem/47267667148869,15
3 CUT 9/0 BROWN METALLIC IRIS PRECIOSA ORNELA BEADS (Factory Pack),3CUT-9/0-59115,gid://shopify/InventoryItem/47267667181637,15
3 CUT 9/0 BLUE METALLIC IRIS PRECIOSA ORNELA BEADS (Mini Pack),3CUT-9/0-59135mini,gid://shopify/InventoryItem/47267668557893,15
3 CUT 9/0 BLUE METALLIC IRIS PRECIOSA ORNELA BEADS (Factory Pack),3CUT-9/0-59135,gid://shopify/InventoryItem/47267668590661,15
3 CUT 9/0 PURPLE METALLIC IRIS PRECIOSA ORNELA BEADS (Mini Pack),3CUT-9/0-59195mini,gid://shopify/InventoryItem/47267673178181,15
3 CUT 9/0 PURPLE METALLIC IRIS PRECIOSA ORNELA BEADS (Factory Pack),3CUT-9/0-59195,gid://shopify/InventoryItem/47267673210949,15
3 CUT 9/0 BRONZE METALLIC PRECIOSA ORNELA BEADS (Mini Pack),3CUT-9/0-59142mini,gid://shopify/InventoryItem/47267674030149,15
3 CUT 9/0 BRONZE METALLIC PRECIOSA ORNELA BEADS (Factory Pack),3CUT-9/0-59142,gid://shopify/InventoryItem/47267674062917,15
3 CUT 9/0 BRIGHT GOLD METALLIC IRIS PRECIOSA ORNELA BEADS (Mini Pack),3CUT-9/0-59148mini,gid://shopify/InventoryItem/47267677241413,15
3 CUT 9/0 BRIGHT GOLD METALLIC IRIS PRECIOSA ORNELA BEADS (Factory Pack),3CUT-9/0-59148,gid://shopify/InventoryItem/47267677274181,15
3 CUT 9/0 CRYSTAL TRANSPARENT PRECIOSA ORNELA BEADS (Mini Pack),3CUT-9/0-00050mini,gid://shopify/InventoryItem/47267679764549,15
3 CUT 9/0 CRYSTAL TRANSPARENT PRECIOSA ORNELA BEADS (Factory Pack),3CUT-9/0-00050,gid://shopify/InventoryItem/47267679797317,15
3 CUT 9/0 DARK SAPPHIRE TRANSPARENT PRECIOSA ORNELA BEADS (Mini Pack),3CUT-9/0-30080mini,gid://shopify/InventoryItem/47267685072965,15
3 CUT 9/0 DARK SAPPHIRE TRANSPARENT PRECIOSA ORNELA BEADS (Factory Pack),3CUT-9/0-30080,gid://shopify/InventoryItem/47267685105733,15
3 CUT 9/0 BROWN OPAQUE PRECIOSA ORNELA BEADS (Mini Pack),3CUT-9/0-13600mini,gid://shopify/InventoryItem/47267687170117,15
3 CUT 9/0 BROWN OPAQUE PRECIOSA ORNELA BEADS (Factory Pack),3CUT-9/0-13600,gid://shopify/InventoryItem/47267687202885,15
3 CUT 9/0 JET BLACK OPAQUE PRECIOSA ORNELA BEADS (Mini Pack),3CUT-9/0-23980mini,gid://shopify/InventoryItem/47267689726021,15
3 CUT 9/0 JET BLACK OPAQUE PRECIOSA ORNELA BEADS (Factory Pack),3CUT-9/0-23980,gid://shopify/InventoryItem/47267689758789,15
3 CUT 9/0 BLUE OPAQUE PRECIOSA ORNELA BEADS (Mini Pack),3CUT-9/0-33060mini,gid://shopify/InventoryItem/47267691135045,15
3 CUT 9/0 BLUE OPAQUE PRECIOSA ORNELA BEADS (Factory Pack),3CUT-9/0-33060,gid://shopify/InventoryItem/47267691167813,15
3 CUT 9/0 TURQUOISE OPAQUE PRECIOSA ORNELA BEADS (Mini Pack),3CUT-9/0-63020mini,gid://shopify/InventoryItem/47267692183621,15
3 CUT 9/0 TURQUOISE OPAQUE PRECIOSA ORNELA BEADS (Factory Pack),3CUT-9/0-63020,gid://shopify/InventoryItem/47267692216389,15
3 CUT 9/0 DARK RED OPAQUE PRECIOSA ORNELA BEADS (Mini Pack),3CUT-9/0-93210mini,gid://shopify/InventoryItem/47267700965445,15
3 CUT 9/0 DARK RED OPAQUE PRECIOSA ORNELA BEADS (Factory Pack),3CUT-9/0-93210,gid://shopify/InventoryItem/47267700998213,15
3 CUT 9/0 LIGHT AMETHYST TRANSPARENT IRIS PRECIOSA ORNELA BEADS (Mini Pack),3CUT-9/0-21010mini,gid://shopify/InventoryItem/47275739086917,15
3 CUT 9/0 LIGHT AMETHYST TRANSPARENT IRIS PRECIOSA ORNELA BEADS (Factory Pack),3CUT-9/0-21010,gid://shopify/InventoryItem/47275739119685,15
3 CUT 9/0 AMETHYST TRANSPARENT IRIS PRECIOSA ORNELA BEADS (Mini Pack),3CUT-9/0-21060mini,gid://shopify/InventoryItem/47275775393861,15
3 CUT 9/0 AMETHYST TRANSPARENT IRIS PRECIOSA ORNELA BEADS (Factory Pack),3CUT-9/0-21060,gid://shopify/InventoryItem/47275775426629,15
3 CUT 9/0 DARK SAPPHIRE TRANSPARENT IRIS PRECIOSA ORNELA BEADS (Mini Pack),3CUT-9/0-31080mini,gid://shopify/InventoryItem/47275926782021,15
3 CUT 9/0 DARK SAPPHIRE TRANSPARENT IRIS PRECIOSA ORNELA BEADS (Factory Pack),3CUT-9/0-31080,gid://shopify/InventoryItem/47275926814789,15
3 CUT 9/0 SMOKE GREY TRANSPARENT IRIS PRECIOSA ORNELA BEADS (Mini Pack),3CUT-9/0-41010mini,gid://shopify/InventoryItem/47275944706117,15
3 CUT 9/0 SMOKE GREY TRANSPARENT IRIS PRECIOSA ORNELA BEADS (Factory Pack),3CUT-9/0-41010,gid://shopify/InventoryItem/47275944738885,15
3 CUT 9/0 PERIDOT TRANSPARENT IRIS PRECIOSA ORNELA BEADS (Mini Pack),3CUT-9/0-51430mini,gid://shopify/InventoryItem/47275960762437,15
3 CUT 9/0 PERIDOT TRANSPARENT IRIS PRECIOSA ORNELA BEADS (Factory Pack),3CUT-9/0-51430,gid://shopify/InventoryItem/47275960795205,15
3 CUT 9/0 GREEN ZIRCON TRANSPARENT IRIS PRECIOSA ORNELA BEADS (Mini Pack),3CUT-9/0-51710mini,gid://shopify/InventoryItem/47275987763269,15
3 CUT 9/0 GREEN ZIRCON TRANSPARENT IRIS PRECIOSA ORNELA BEADS (Factory Pack),3CUT-9/0-51710,gid://shopify/InventoryItem/47275987796037,15
3 CUT 9/0 LIGHT AQUA TRANSPARENT IRIS PRECIOSA ORNELA BEADS (Mini Pack),3CUT-9/0-61010mini,gid://shopify/InventoryItem/47276018171973,15
3 CUT 9/0 LIGHT AQUA TRANSPARENT IRIS PRECIOSA ORNELA BEADS (Factory Pack),3CUT-9/0-61010,gid://shopify/InventoryItem/47276018204741,15
3 CUT 9/0 AQUA TRANSPARENT IRIS PRECIOSA ORNELA BEADS (Mini Pack),3CUT-9/0-61100mini,gid://shopify/InventoryItem/47276061818949,15
3 CUT 9/0 AQUA TRANSPARENT IRIS PRECIOSA ORNELA BEADS (Factory Pack),3CUT-9/0-61100,gid://shopify/InventoryItem/47276061851717,15
3 CUT 9/0 HYACINTH TRANSPARENT IRIS PRECIOSA ORNELA BEADS (Mini Pack),3CUT-9/0-91030mini,gid://shopify/InventoryItem/47276083413061,15
3 CUT 9/0 HYACINTH TRANSPARENT IRIS PRECIOSA ORNELA BEADS (Factory Pack),3CUT-9/0-91030,gid://shopify/InventoryItem/47276083445829,15
3 CUT 9/0 GARNET TRANSPARENT IRIS PRECIOSA ORNELA BEADS (Mini Pack),3CUT-9/0-91120mini,gid://shopify/InventoryItem/47276103893061,15
3 CUT 9/0 GARNET TRANSPARENT IRIS PRECIOSA ORNELA BEADS (Factory Pack),3CUT-9/0-91120,gid://shopify/InventoryItem/47276103925829,15
3 CUT 9/0 RED OPAQUE IRIS PRECIOSA ORNELA BEADS (Mini Pack),3CUT-9/0-94170mini,gid://shopify/InventoryItem/47276132171845,15
3 CUT 9/0 RED OPAQUE IRIS PRECIOSA ORNELA BEADS (Factory Pack),3CUT-9/0-94170,gid://shopify/InventoryItem/47276132204613,15
3 CUT 9/0 CRYSTAL LUSTER BLACK LINED PRECIOSA ORNELA BEADS (Mini Pack),3CUT-9/0-38049mini,gid://shopify/InventoryItem/47276181585989,15
3 CUT 9/0 CRYSTAL LUSTER BLACK LINED PRECIOSA ORNELA BEADS (Factory Pack),3CUT-9/0-38049,gid://shopify/InventoryItem/47276181618757,15
3 CUT 9/0 CRYSTAL LUSTER BEIGE LINED PRECIOSA ORNELA BEADS (Mini Pack),3CUT-9/0-38115mini,gid://shopify/InventoryItem/47276241813573,15
3 CUT 9/0 CRYSTAL LUSTER BEIGE LINED PRECIOSA ORNELA BEADS (Factory Pack),3CUT-9/0-38115,gid://shopify/InventoryItem/47276241846341,15
3 CUT 9/0 CRYSTAL LUSTER LT. FUCHSIA LINED PRECIOSA ORNELA BEADS (Mini Pack),3CUT-9/0-38124mini,gid://shopify/InventoryItem/47276261310533,15
3 CUT 9/0 CRYSTAL LUSTER LT. FUCHSIA LINED PRECIOSA ORNELA BEADS (Factory Pack),3CUT-9/0-38124,gid://shopify/InventoryItem/47276261343301,15
3 CUT 9/0 CRYSTAL LUSTER  LAVENDER LINED PRECIOSA ORNELA BEADS (Mini Pack),3CUT-9/0-38126mini,gid://shopify/InventoryItem/47276284248133,15
3 CUT 9/0 CRYSTAL LUSTER  LAVENDER LINED PRECIOSA ORNELA BEADS (Factory Pack),3CUT-9/0-38126,gid://shopify/InventoryItem/47276284280901,15
3 CUT 9/0 CRYSTAL LUSTER PLUM LINED PRECIOSA ORNELA BEADS (Mini Pack),3CUT-9/0-38128mini,gid://shopify/InventoryItem/47276503400517,15
3 CUT 9/0 CRYSTAL LUSTER PLUM LINED PRECIOSA ORNELA BEADS (Factory Pack),3CUT-9/0-38128,gid://shopify/InventoryItem/47276503433285,15
3 CUT 9/0 CRYSTAL LUSTER LT. BLUE LINED PRECIOSA ORNELA BEADS (Mini Pack),3CUT-9/0-38132mini,gid://shopify/InventoryItem/47276542230597,15
3 CUT 9/0 CRYSTAL LUSTER LT. BLUE LINED PRECIOSA ORNELA BEADS (Factory Pack),3CUT-9/0-38132,gid://shopify/InventoryItem/47276542263365,15
3 CUT 9/0 CRYSTAL LUSTER SEA BLUE LINED PRECIOSA ORNELA BEADS (Mini Pack),3CUT-9/0-38136mini,gid://shopify/InventoryItem/47276570116165,15
3 CUT 9/0 CRYSTAL LUSTER SEA BLUE LINED PRECIOSA ORNELA BEADS (Factory Pack),3CUT-9/0-38136,gid://shopify/InventoryItem/47276570148933,15
3 CUT 9/0 CRYSTAL LUSTER GUNMETAL LINED PRECIOSA ORNELA BEADS (Mini Pack),3CUT-9/0-38149mini,gid://shopify/InventoryItem/47276588531781,15
3 CUT 9/0 CRYSTAL LUSTER GUNMETAL LINED PRECIOSA ORNELA BEADS (Factory Pack),3CUT-9/0-38149,gid://shopify/InventoryItem/47276588564549,15
3 CUT 9/0 CRYSTAL LUSTER LT. GREEN LINED PRECIOSA ORNELA BEADS (Mini Pack),3CUT-9/0-38154mini,gid://shopify/InventoryItem/47276624707653,15
3 CUT 9/0 CRYSTAL LUSTER LT. GREEN LINED PRECIOSA ORNELA BEADS (Factory Pack),3CUT-9/0-38154,gid://shopify/InventoryItem/47276624740421,15
3 CUT 9/0 CRYSTAL LUSTER LT. AQUA LINED PRECIOSA ORNELA BEADS (Mini Pack),3CUT-9/0-38163mini,gid://shopify/InventoryItem/47276648792133,15
3 CUT 9/0 CRYSTAL LUSTER LT. AQUA LINED PRECIOSA ORNELA BEADS (Factory Pack),3CUT-9/0-38163,gid://shopify/InventoryItem/47276648824901,15
3 CUT 9/0 CRYSTAL LUSTER LT. PINK LINED PRECIOSA ORNELA BEADS (Mini Pack),3CUT-9/0-38173mini,gid://shopify/InventoryItem/47276706136133,15
3 CUT 9/0 CRYSTAL LUSTER LT. PINK LINED PRECIOSA ORNELA BEADS (Factory Pack),3CUT-9/0-38173,gid://shopify/InventoryItem/47276706168901,15
3 CUT 9/0 CRYSTAL LUSTER PINK LINED PRECIOSA ORNELA BEADS (Mini Pack),3CUT-9/0-38177mini,gid://shopify/InventoryItem/47276721635397,15
3 CUT 9/0 CRYSTAL LUSTER PINK LINED PRECIOSA ORNELA BEADS (Factory Pack),3CUT-9/0-38177,gid://shopify/InventoryItem/47276721668165,15
3 CUT 9/0 CRYSTAL LUSTER YELLOW LINED PRECIOSA ORNELA BEADS (Mini Pack),3CUT-9/0-38182mini,gid://shopify/InventoryItem/47276733366341,15
3 CUT 9/0 CRYSTAL LUSTER YELLOW LINED PRECIOSA ORNELA BEADS (Factory Pack),3CUT-9/0-38182,gid://shopify/InventoryItem/47276733399109,15
3 CUT 9/0 CRYSTAL LUSTER LT. PEACH LINED PRECIOSA ORNELA BEADS (Mini Pack),3CUT-9/0-38187mini,gid://shopify/InventoryItem/47276751913029,15
3 CUT 9/0 CRYSTAL LUSTER LT. PEACH LINED PRECIOSA ORNELA BEADS (Factory Pack),3CUT-9/0-38187,gid://shopify/InventoryItem/47276751945797,15
3 CUT 9/0 CRYSTAL LUSTER PEACH LINED PRECIOSA ORNELA BEADS (Mini Pack),3CUT-9/0-38189mini,gid://shopify/InventoryItem/47276767477829,15
3 CUT 9/0 CRYSTAL LUSTER PEACH LINED PRECIOSA ORNELA BEADS (Factory Pack),3CUT-9/0-38189,gid://shopify/InventoryItem/47276767510597,15
3 CUT 9/0 CRYSTAL LUSTER STRAWBERRY LINED PRECIOSA ORNELA BEADS (Mini Pack),3CUT-9/0-38198mini,gid://shopify/InventoryItem/47276781699141,15
3 CUT 9/0 CRYSTAL LUSTER STRAWBERRY LINED PRECIOSA ORNELA BEADS (Factory Pack),3CUT-9/0-38198,gid://shopify/InventoryItem/47276781731909,15
3 CUT 9/0 CREAM LUSTER BLUE LINED PRECIOSA ORNELA BEADS (Mini Pack),3CUT-9/0-11022mini,gid://shopify/InventoryItem/47276999901253,15
3 CUT 9/0 CREAM LUSTER BLUE LINED PRECIOSA ORNELA BEADS (Factory Pack),3CUT-9/0-11022,gid://shopify/InventoryItem/47276999934021,15
3 CUT 9/0 CREAM LUSTER MINT GREEN LINED PRECIOSA ORNELA BEADS (Mini Pack),3CUT-9/0-11024mini,gid://shopify/InventoryItem/47277004947525,15
3 CUT 9/0 CREAM LUSTER MINT GREEN LINED PRECIOSA ORNELA BEADS (Factory Pack),3CUT-9/0-11024,gid://shopify/InventoryItem/47277004980293,15
3 CUT 9/0 CREAM LUSTER RED LINED PRECIOSA ORNELA BEADS (Mini Pack),3CUT-9/0-11027mini,gid://shopify/InventoryItem/47277007831109,15
3 CUT 9/0 CREAM LUSTER RED LINED PRECIOSA ORNELA BEADS (Factory Pack),3CUT-9/0-11027,gid://shopify/InventoryItem/47277007863877,15
3 CUT 9/0 TOPAZ RAINBOW BROWN LINED PRECIOSA ORNELA BEADS (Mini Pack),3CUT-9/0-14051mini,gid://shopify/InventoryItem/47277012877381,15
3 CUT 9/0 TOPAZ RAINBOW BROWN LINED PRECIOSA ORNELA BEADS (Factory Pack),3CUT-9/0-14051,gid://shopify/InventoryItem/47277012910149,15
3 CUT 9/0 LT. SAPPHIRE LUSTER VIOLET LINED PRECIOSA ORNELA BEADS (Mini Pack),3CUT-9/0-61016mini,gid://shopify/InventoryItem/47277021331525,15
3 CUT 9/0 LT. SAPPHIRE LUSTER VIOLET LINED PRECIOSA ORNELA BEADS (Factory Pack),3CUT-9/0-61016,gid://shopify/InventoryItem/47277021364293,15
3 CUT 9/0 AQUA LUSTER BEIGE LINED PRECIOSA ORNELA BEADS (Mini Pack),3CUT-9/0-61017mini,gid://shopify/InventoryItem/47277028999237,15
3 CUT 9/0 AQUA LUSTER BEIGE LINED PRECIOSA ORNELA BEADS (Factory Pack),3CUT-9/0-61017,gid://shopify/InventoryItem/47277029032005,15
3 CUT 9/0 AQUA LUSTER RED LINED PRECIOSA ORNELA BEADS (Mini Pack),3CUT-9/0-61018mini,gid://shopify/InventoryItem/47277038010437,15
3 CUT 9/0 AQUA LUSTER RED LINED PRECIOSA ORNELA BEADS (Factory Pack),3CUT-9/0-61018,gid://shopify/InventoryItem/47277038043205,15
3 CUT 9/0 CITRINE LUSTER LT.GREEN LINED PRECIOSA ORNELA BEADS (Mini Pack),3CUT-9/0-81012mini,gid://shopify/InventoryItem/47277045678149,15
3 CUT 9/0 CITRINE LUSTER LT.GREEN LINED PRECIOSA ORNELA BEADS (Factory Pack),3CUT-9/0-81012,gid://shopify/InventoryItem/47277045710917,15
3 CUT 9/0 CITRINE  LUSTER ORANGE LINED PRECIOSA ORNELA BEADS (Mini Pack),3CUT-9/0-81016mini,gid://shopify/InventoryItem/47277049708613,15
3 CUT 9/0 CITRINE  LUSTER ORANGE LINED PRECIOSA ORNELA BEADS (Factory Pack),3CUT-9/0-81016,gid://shopify/InventoryItem/47277049741381,15
3 CUT 9/0 TANGERINE LUSTER OLIVE LINED PRECIOSA ORNELA BEADS (Mini Pack),3CUT-9/0-91004mini,gid://shopify/InventoryItem/47277052493893,15
3 CUT 9/0 TANGERINE LUSTER OLIVE LINED PRECIOSA ORNELA BEADS (Factory Pack),3CUT-9/0-91004,gid://shopify/InventoryItem/47277052526661,15
CZECH RHINESTONE CHAIN MACHINE CUT CRYSTAL - 6.5ss (Mini Pack / 0003G - CRYSTAL/GOLD),RC-6.5ss-0003Gmini,gid://shopify/InventoryItem/47286794780741,15
CZECH RHINESTONE CHAIN MACHINE CUT CRYSTAL - 6.5ss (Mini Pack / 0003S - CRYSTAL/SILVER),RC-6.5ss-0003Smini,gid://shopify/InventoryItem/47286794813509,15
CZECH RHINESTONE CHAIN MACHINE CUT CRYSTAL - 6.5ss (Factory Pack / 0003G - CRYSTAL/GOLD),RC-6.5ss-0003G,gid://shopify/InventoryItem/47286794846277,15
CZECH RHINESTONE CHAIN MACHINE CUT CRYSTAL - 6.5ss (Factory Pack / 0003S - CRYSTAL/SILVER),RC-6.5ss-0003S,gid://shopify/InventoryItem/47286794879045,15
CZECH RHINESTONE CHAIN MACHINE CUT CRYSTAL - 8.5ss (Mini Pack / 0003G - CRYSTAL/GOLD),RC-8.5ss-0003Gmini,gid://shopify/InventoryItem/47287308582981,15
CZECH RHINESTONE CHAIN MACHINE CUT CRYSTAL - 8.5ss (Mini Pack / 0003S - CRYSTAL/SILVER),RC-8.5ss-0003Smini,gid://shopify/InventoryItem/47287308615749,15
CZECH RHINESTONE CHAIN MACHINE CUT CRYSTAL - 8.5ss (Factory Pack / 0003G - CRYSTAL/GOLD),RC-8.5ss-0003G,gid://shopify/InventoryItem/47287308648517,15
CZECH RHINESTONE CHAIN MACHINE CUT CRYSTAL - 8.5ss (Factory Pack / 0003S - CRYSTAL/SILVER),RC-8.5ss-0003S,gid://shopify/InventoryItem/47287308681285,15
CZECH RHINESTONE CHAIN MACHINE CUT CRYSTAL - 12ss (Mini Pack / 0003G - CRYSTAL/GOLD),RC-12ss-0003Gmini,gid://shopify/InventoryItem/47287360127045,15
CZECH RHINESTONE CHAIN MACHINE CUT CRYSTAL - 12ss (Mini Pack / 0003S - CRYSTAL/SILVER),RC-12ss-0003Smini,gid://shopify/InventoryItem/47287360159813,15
CZECH RHINESTONE CHAIN MACHINE CUT CRYSTAL - 12ss (Factory Pack / 0003G - CRYSTAL/GOLD),RC-12ss-0003G,gid://shopify/InventoryItem/47287360192581,15
CZECH RHINESTONE CHAIN MACHINE CUT CRYSTAL - 12ss (Factory Pack / 0003S - CRYSTAL/SILVER),RC-12ss-0003S,gid://shopify/InventoryItem/47287360225349,15
CZECH RHINESTONE CHAIN MACHINE CUT CRYSTAL - 14.5ss (Mini Pack / 0003G - CRYSTAL/GOLD),RC-14.5ss-0003Gmini,gid://shopify/InventoryItem/47287385456709,15
CZECH RHINESTONE CHAIN MACHINE CUT CRYSTAL - 14.5ss (Mini Pack / 0003S - CRYSTAL/SILVER),RC-14.5ss-0003Smini,gid://shopify/InventoryItem/47287385489477,15
CZECH RHINESTONE CHAIN MACHINE CUT CRYSTAL - 14.5ss (Factory Pack / 0003G - CRYSTAL/GOLD),RC-14.5ss-0003G,gid://shopify/InventoryItem/47287385522245,15
CZECH RHINESTONE CHAIN MACHINE CUT CRYSTAL - 14.5ss (Factory Pack / 0003S - CRYSTAL/SILVER),RC-14.5ss-0003S,gid://shopify/InventoryItem/47287385555013,15
CZECH RHINESTONE CHAIN MACHINE CUT CRYSTAL - 16ss (Mini Pack / 0003G - CRYSTAL/GOLD),RC-16ss-0003Gmini,gid://shopify/InventoryItem/47287392895045,15
CZECH RHINESTONE CHAIN MACHINE CUT CRYSTAL - 16ss (Mini Pack / 0003S - CRYSTAL/SILVER),RC-16ss-0003Smini,gid://shopify/InventoryItem/47287392927813,15
CZECH RHINESTONE CHAIN MACHINE CUT CRYSTAL - 16ss (Factory Pack / 0003G - CRYSTAL/GOLD),RC-16ss-0003G,gid://shopify/InventoryItem/47287392960581,15
CZECH RHINESTONE CHAIN MACHINE CUT CRYSTAL - 16ss (Factory Pack / 0003S - CRYSTAL/SILVER),RC-16ss-0003S,gid://shopify/InventoryItem/47287392993349,15
CZECH RHINESTONE CHAIN MACHINE CUT CRYSTAL - 18ss (Mini Pack / 0003G - CRYSTAL/GOLD),RC-18ss-0003Gmini,gid://shopify/InventoryItem/47287399743557,15
CZECH RHINESTONE CHAIN MACHINE CUT CRYSTAL - 18ss (Mini Pack / 0003S - CRYSTAL/SILVER),RC-18ss-0003Smini,gid://shopify/InventoryItem/47287399776325,15
CZECH RHINESTONE CHAIN MACHINE CUT CRYSTAL - 18ss (Factory Pack / 0003G - CRYSTAL/GOLD),RC-18ss-0003G,gid://shopify/InventoryItem/47287399809093,15
CZECH RHINESTONE CHAIN MACHINE CUT CRYSTAL - 18ss (Factory Pack / 0003S - CRYSTAL/SILVER),RC-18ss-0003S,gid://shopify/InventoryItem/47287399841861,15
CZECH RHINESTONE CHAIN MACHINE CUT CRYSTAL - 29ss (Mini Pack / 0003G - CRYSTAL/GOLD),RC-29ss-0003Gmini,gid://shopify/InventoryItem/47287420289093,15
CZECH RHINESTONE CHAIN MACHINE CUT CRYSTAL - 29ss (Mini Pack / 0003S - CRYSTAL/SILVER),RC-29ss-0003Smini,gid://shopify/InventoryItem/47287420321861,15
CZECH RHINESTONE CHAIN MACHINE CUT CRYSTAL - 29ss (Factory Pack / 0003G - CRYSTAL/GOLD),RC-29ss-0003G,gid://shopify/InventoryItem/47287420354629,15
CZECH RHINESTONE CHAIN MACHINE CUT CRYSTAL - 29ss (Factory Pack / 0003S - CRYSTAL/SILVER),RC-29ss-0003S,gid://shopify/InventoryItem/47287420387397,15
Round Leather Cord - Black 0.5mm (Mini Pack),LC-0.5mm-Black-mini,gid://shopify/InventoryItem/47346462654533,15
Round Leather Cord - Black 0.5mm (Factory Pack),LC-0.5mm-Black,gid://shopify/InventoryItem/47346462687301,15
Round Leather Cord - Black 1.0mm (Mini Pack),LC-1.0mm-Black-mini,gid://shopify/InventoryItem/47346984910917,15
Round Leather Cord - Black 1.0mm (Factory Pack),LC-1.0mm-Black,gid://shopify/InventoryItem/47346984943685,15
Round Leather Cord - Black 2.0mm (Mini Pack),LC-2.0mm-Black-mini,gid://shopify/InventoryItem/47346990186565,15
Round Leather Cord - Black 2.0mm (Factory Pack),LC-2.0mm-Black,gid://shopify/InventoryItem/47346990219333,15
Round Leather Cord - Black 3.0mm (Mini Pack),LC-3.0mm-Black-mini,gid://shopify/InventoryItem/47347023085637,15
Round Leather Cord - Black 3.0mm (Factory Pack),LC-3.0mm-Black,gid://shopify/InventoryItem/47347023118405,15
Round Leather Cord - Natural 1.0mm (Mini Pack),LC-1.0mm-Natural-mini,gid://shopify/InventoryItem/47347063619653,15
Round Leather Cord - Natural 1.0mm (Factory Pack),LC-1.0mm-Natural,gid://shopify/InventoryItem/47347063652421,15
Round Leather Cord - Natural 2.0mm (Mini Pack),LC-2.0mm-Natural-mini,gid://shopify/InventoryItem/47347083345989,15
Round Leather Cord - Natural 2.0mm (Factory Pack),LC-2.0mm-Natural,gid://shopify/InventoryItem/47347083378757,15
Czech Glass Roller Beads 9mm CRYSTAL TRANSPARENT (Mini Pack),ROLLER-9MM-00030mini,gid://shopify/InventoryItem/47394349318213,15
Czech Glass Roller Beads 9mm CRYSTAL TRANSPARENT (Factory Pack),ROLLER-9MM-00030,gid://shopify/InventoryItem/47394349350981,15
Czech Glass Roller Beads 9mm CRYSTAL TRANSPARENT MATTE (Mini Pack),ROLLER-9MM-02010mini,gid://shopify/InventoryItem/47394349383749,15
Czech Glass Roller Beads 9mm CRYSTAL TRANSPARENT MATTE (Factory Pack),ROLLER-9MM-02010,gid://shopify/InventoryItem/47394349416517,15
Czech Glass Roller Beads 9mm LIGHT TOPAZ TRANSPARENT (Mini Pack),ROLLER-9MM-10020mini,gid://shopify/InventoryItem/47394349449285,15
Czech Glass Roller Beads 9mm LIGHT TOPAZ TRANSPARENT (Factory Pack),ROLLER-9MM-10020,gid://shopify/InventoryItem/47394349482053,15
Czech Glass Roller Beads 9mm TOPAZ TRANSPARENT (Mini Pack),ROLLER-9MM-10060mini,gid://shopify/InventoryItem/47394349514821,15
Czech Glass Roller Beads 9mm TOPAZ TRANSPARENT (Factory Pack),ROLLER-9MM-10060,gid://shopify/InventoryItem/47394349547589,15
Czech Glass Roller Beads 9mm DARK TOPAZ TRANSPARENT (Mini Pack),ROLLER-9MM-10090mini,gid://shopify/InventoryItem/47394349580357,15
Czech Glass Roller Beads 9mm DARK TOPAZ TRANSPARENT (Factory Pack),ROLLER-9MM-10090,gid://shopify/InventoryItem/47394349613125,15
Czech Glass Roller Beads 9mm DARK TOPAZ TRANSPARENT MATTE (Mini Pack),ROLLER-9MM-1011Mmini,gid://shopify/InventoryItem/47394349645893,15
Czech Glass Roller Beads 9mm DARK TOPAZ TRANSPARENT MATTE (Factory Pack),ROLLER-9MM-1011M,gid://shopify/InventoryItem/47394349678661,15
Czech Glass Roller Beads 9mm LIGHT SMOKE TOPAZ TRANSPARENT (Mini Pack),ROLLER-9MM-10220mini,gid://shopify/InventoryItem/47394349711429,15
Czech Glass Roller Beads 9mm LIGHT SMOKE TOPAZ TRANSPARENT (Factory Pack),ROLLER-9MM-10220,gid://shopify/InventoryItem/47394349744197,15
Czech Glass Roller Beads 9mm SMOKE TOPAZ TRANSPARENT (Mini Pack),ROLLER-9MM-10230mini,gid://shopify/InventoryItem/47394349776965,15
Czech Glass Roller Beads 9mm SMOKE TOPAZ TRANSPARENT (Factory Pack),ROLLER-9MM-10230,gid://shopify/InventoryItem/47394349809733,15
Czech Glass Roller Beads 9mm ROOT BEER TRANSPARENT (Mini Pack),ROLLER-9MM-10250mini,gid://shopify/InventoryItem/47394349842501,15
Czech Glass Roller Beads 9mm ROOT BEER TRANSPARENT (Factory Pack),ROLLER-9MM-10250,gid://shopify/InventoryItem/47394349875269,15
Czech Glass Roller Beads 9mm TORTOISE SHELL (Mini Pack),ROLLER-9MM-18016mini,gid://shopify/InventoryItem/47394349908037,15
Czech Glass Roller Beads 9mm TORTOISE SHELL (Factory Pack),ROLLER-9MM-18016,gid://shopify/InventoryItem/47394349940805,15
Czech Glass Roller Beads 9mm LIGHT AMETHYST TRANSPARENT (Mini Pack),ROLLER-9MM-20030mini,gid://shopify/InventoryItem/47394349973573,15
Czech Glass Roller Beads 9mm LIGHT AMETHYST TRANSPARENT (Factory Pack),ROLLER-9MM-20030,gid://shopify/InventoryItem/47394350006341,15
Czech Glass Roller Beads 9mm LIGHT AMETHYST TRANSPARENT MATTE (Mini Pack),ROLLER-9MM-2003Mmini,gid://shopify/InventoryItem/47394350039109,15
Czech Glass Roller Beads 9mm LIGHT AMETHYST TRANSPARENT MATTE (Factory Pack),ROLLER-9MM-2003M,gid://shopify/InventoryItem/47394350071877,15
Czech Glass Roller Beads 9mm AMETHYST TRANSPARENT (Mini Pack),ROLLER-9MM-20060mini,gid://shopify/InventoryItem/47394350104645,15
Czech Glass Roller Beads 9mm AMETHYST TRANSPARENT (Factory Pack),ROLLER-9MM-20060,gid://shopify/InventoryItem/47394350137413,15
Czech Glass Roller Beads 9mm DARK AMETHYST TRANSPARENT (Mini Pack),ROLLER-9MM-20080mini,gid://shopify/InventoryItem/47394350170181,15
Czech Glass Roller Beads 9mm DARK AMETHYST TRANSPARENT (Factory Pack),ROLLER-9MM-20080,gid://shopify/InventoryItem/47394350202949,15
Czech Glass Roller Beads 9mm LIGHT SAPPHIRE TRANSPARENT (Mini Pack),ROLLER-9MM-30030mini,gid://shopify/InventoryItem/47394350235717,15
Czech Glass Roller Beads 9mm LIGHT SAPPHIRE TRANSPARENT (Factory Pack),ROLLER-9MM-30030,gid://shopify/InventoryItem/47394350268485,15
Czech Glass Roller Beads 9mm SAPPHIRE TRANSPARENT MATTE (Mini Pack),ROLLER-9MM-3004Mmini,gid://shopify/InventoryItem/47394350301253,15
Czech Glass Roller Beads 9mm SAPPHIRE TRANSPARENT MATTE (Factory Pack),ROLLER-9MM-3004M,gid://shopify/InventoryItem/47394350334021,15
Czech Glass Roller Beads 9mm SAPPHIRE TRANSPARENT (Mini Pack),ROLLER-9MM-30060mini,gid://shopify/InventoryItem/47394350366789,15
Czech Glass Roller Beads 9mm SAPPHIRE TRANSPARENT (Factory Pack),ROLLER-9MM-30060,gid://shopify/InventoryItem/47394350399557,15
Czech Glass Roller Beads 9mm COBALT TRANSPARENT (Mini Pack),ROLLER-9MM-30090mini,gid://shopify/InventoryItem/47394350432325,15
Czech Glass Roller Beads 9mm COBALT TRANSPARENT (Factory Pack),ROLLER-9MM-30090,gid://shopify/InventoryItem/47394350465093,15
Czech Glass Roller Beads 9mm BLACK DIAMOND TRANSPARENT (Mini Pack),ROLLER-9MM-40010mini,gid://shopify/InventoryItem/47394350497861,15
Czech Glass Roller Beads 9mm BLACK DIAMOND TRANSPARENT (Factory Pack),ROLLER-9MM-40010,gid://shopify/InventoryItem/47394350530629,15
Czech Glass Roller Beads 9mm EMERALD TRANSPARENT (Mini Pack),ROLLER-9MM-50130mini,gid://shopify/InventoryItem/47394350563397,15
Czech Glass Roller Beads 9mm EMERALD TRANSPARENT (Factory Pack),ROLLER-9MM-50130,gid://shopify/InventoryItem/47394350596165,15
Czech Glass Roller Beads 9mm DARK EMERALD TRANSPARENT (Mini Pack),ROLLER-9MM-50150mini,gid://shopify/InventoryItem/47394350628933,15
Czech Glass Roller Beads 9mm DARK EMERALD TRANSPARENT (Factory Pack),ROLLER-9MM-50150,gid://shopify/InventoryItem/47394350661701,15
Czech Glass Roller Beads 9mm OLIVINE TRANSPARENT (Mini Pack),ROLLER-9MM-50230mini,gid://shopify/InventoryItem/47394350694469,15
Czech Glass Roller Beads 9mm OLIVINE TRANSPARENT (Factory Pack),ROLLER-9MM-50230,gid://shopify/InventoryItem/47394350727237,15
Czech Glass Roller Beads 9mm DARK OLIVINE TRANSPARENT (Mini Pack),ROLLER-9MM-50250mini,gid://shopify/InventoryItem/47394350792773,15
Czech Glass Roller Beads 9mm DARK OLIVINE TRANSPARENT (Factory Pack),ROLLER-9MM-50250,gid://shopify/InventoryItem/47394350825541,15
Czech Glass Roller Beads 9mm LIGHT TEAL TRANSPARENT (Mini Pack),ROLLER-9MM-50710mini,gid://shopify/InventoryItem/47394350858309,15
Czech Glass Roller Beads 9mm LIGHT TEAL TRANSPARENT (Factory Pack),ROLLER-9MM-50710,gid://shopify/InventoryItem/47394350891077,15
Czech Glass Roller Beads 9mm TEAL TRANSPARENT (Mini Pack),ROLLER-9MM-50730mini,gid://shopify/InventoryItem/47394350956613,15
Czech Glass Roller Beads 9mm TEAL TRANSPARENT (Factory Pack),ROLLER-9MM-50730,gid://shopify/InventoryItem/47394350989381,15
Czech Glass Roller Beads 9mm TEAL TRANSPARENT MATTE (Mini Pack),ROLLER-9MM-5073Mmini,gid://shopify/InventoryItem/47394351022149,15
Czech Glass Roller Beads 9mm TEAL TRANSPARENT MATTE (Factory Pack),ROLLER-9MM-5073M,gid://shopify/InventoryItem/47394351054917,15
Czech Glass Roller Beads 9mm LIGHT AQUAMARINE TRANSPARENT (Mini Pack),ROLLER-9MM-60010mini,gid://shopify/InventoryItem/47394351284293,15
Czech Glass Roller Beads 9mm LIGHT AQUAMARINE TRANSPARENT (Factory Pack),ROLLER-9MM-60010,gid://shopify/InventoryItem/47394351317061,15
Czech Glass Roller Beads 9mm AQUAMARINE TRANSPARENT (Mini Pack),ROLLER-9MM-60040mini,gid://shopify/InventoryItem/47394351349829,15
Czech Glass Roller Beads 9mm AQUAMARINE TRANSPARENT (Factory Pack),ROLLER-9MM-60040,gid://shopify/InventoryItem/47394351382597,15
Czech Glass Roller Beads 9mm DARK AQUAMARINE TRANSPARENT (Mini Pack),ROLLER-9MM-60080mini,gid://shopify/InventoryItem/47394351415365,15
Czech Glass Roller Beads 9mm DARK AQUAMARINE TRANSPARENT (Factory Pack),ROLLER-9MM-60080,gid://shopify/InventoryItem/47394351448133,15
Czech Glass Roller Beads 9mm DARK INDICOLITE TRANSPARENT (Mini Pack),ROLLER-9MM-60150mini,gid://shopify/InventoryItem/47394351480901,15
Czech Glass Roller Beads 9mm DARK INDICOLITE TRANSPARENT (Factory Pack),ROLLER-9MM-60150,gid://shopify/InventoryItem/47394351513669,15
Czech Glass Roller Beads 9mm PINK PEACH TRANSPARENT (Mini Pack),ROLLER-9MM-70100mini,gid://shopify/InventoryItem/47394351546437,15
Czech Glass Roller Beads 9mm PINK PEACH TRANSPARENT (Factory Pack),ROLLER-9MM-70100,gid://shopify/InventoryItem/47394351579205,15
Czech Glass Roller Beads 9mm PEACH TRANSPARENT (Mini Pack),ROLLER-9MM-70110mini,gid://shopify/InventoryItem/47394351611973,15
Czech Glass Roller Beads 9mm PEACH TRANSPARENT (Factory Pack),ROLLER-9MM-70110,gid://shopify/InventoryItem/47394351644741,15
Czech Glass Roller Beads 9mm HYACINTH TRANSPARENT (Mini Pack),ROLLER-9MM-90040mini,gid://shopify/InventoryItem/47394351677509,15
Czech Glass Roller Beads 9mm HYACINTH TRANSPARENT (Factory Pack),ROLLER-9MM-90040,gid://shopify/InventoryItem/47394351710277,15
Czech Glass Roller Beads 9mm DARK ORANGE TRANSPARENT (Mini Pack),ROLLER-9MM-90050mini,gid://shopify/InventoryItem/47394351743045,15
Czech Glass Roller Beads 9mm DARK ORANGE TRANSPARENT (Factory Pack),ROLLER-9MM-90050,gid://shopify/InventoryItem/47394351775813,15
Czech Glass Roller Beads 9mm LIGHT SIAM RUBY TRANSPARENT (Mini Pack),ROLLER-9MM-90070mini,gid://shopify/InventoryItem/47394351808581,15
Czech Glass Roller Beads 9mm LIGHT SIAM RUBY TRANSPARENT (Factory Pack),ROLLER-9MM-90070,gid://shopify/InventoryItem/47394351841349,15
Czech Glass Roller Beads 9mm SIAM RUBY TRANSPARENT (Mini Pack),ROLLER-9MM-90090mini,gid://shopify/InventoryItem/47394351874117,15
Czech Glass Roller Beads 9mm SIAM RUBY TRANSPARENT (Factory Pack),ROLLER-9MM-90090,gid://shopify/InventoryItem/47394351906885,15
Czech Glass Roller Beads 9mm DARK GARNET TRANSPARENT (Mini Pack),ROLLER-9MM-90120mini,gid://shopify/InventoryItem/47394351939653,15
Czech Glass Roller Beads 9mm DARK GARNET TRANSPARENT (Factory Pack),ROLLER-9MM-90120,gid://shopify/InventoryItem/47394351972421,15
Czech Glass Roller Beads 6mm CRYSTAL TRANSPARENT (Mini Pack),ROLLER-6MM-00030mini,gid://shopify/InventoryItem/47394352005189,15
Czech Glass Roller Beads 6mm CRYSTAL TRANSPARENT (Factory Pack),ROLLER-6MM-00030,gid://shopify/InventoryItem/47394352037957,15
Czech Glass Roller Beads 6mm LIGHT TOPAZ TRANSPARENT (Mini Pack),ROLLER-6MM-10020mini,gid://shopify/InventoryItem/47394352070725,15
Czech Glass Roller Beads 6mm LIGHT TOPAZ TRANSPARENT (Factory Pack),ROLLER-6MM-10020,gid://shopify/InventoryItem/47394352103493,15
Czech Glass Roller Beads 6mm TOPAZ TRANSPARENT (Mini Pack),ROLLER-6MM-10060mini,gid://shopify/InventoryItem/47394352136261,15
Czech Glass Roller Beads 6mm TOPAZ TRANSPARENT (Factory Pack),ROLLER-6MM-10060,gid://shopify/InventoryItem/47394352169029,15
Czech Glass Roller Beads 6mm DARK TOPAZ TRANSPARENT (Mini Pack),ROLLER-6MM-10090mini,gid://shopify/InventoryItem/47394352201797,15
Czech Glass Roller Beads 6mm DARK TOPAZ TRANSPARENT (Factory Pack),ROLLER-6MM-10090,gid://shopify/InventoryItem/47394352234565,15
Czech Glass Roller Beads 6mm LIGHT SMOKE TOPAZ TRANSPARENT (Mini Pack),ROLLER-6MM-10110mini,gid://shopify/InventoryItem/47394352332869,15
Czech Glass Roller Beads 6mm LIGHT SMOKE TOPAZ TRANSPARENT (Factory Pack),ROLLER-6MM-10220,gid://shopify/InventoryItem/47394352365637,15
Czech Glass Roller Beads 6mm SMOKE TOPAZ TRANSPARENT (Mini Pack),ROLLER-6MM-10230mini,gid://shopify/InventoryItem/47394352398405,15
Czech Glass Roller Beads 6mm SMOKE TOPAZ TRANSPARENT (Factory Pack),ROLLER-6MM-10230,gid://shopify/InventoryItem/47394352431173,15
Czech Glass Roller Beads 6mm LIGHT AMETHYST TRANSPARENT (Mini Pack),ROLLER-6MM-20030mini,gid://shopify/InventoryItem/47394352463941,15
Czech Glass Roller Beads 6mm LIGHT AMETHYST TRANSPARENT (Factory Pack),ROLLER-6MM-20030,gid://shopify/InventoryItem/47394352496709,15
Czech Glass Roller Beads 6mm AMETHYST TRANSPARENT (Mini Pack),ROLLER-6MM-20050mini,gid://shopify/InventoryItem/47394354004037,15
Czech Glass Roller Beads 6mm AMETHYST TRANSPARENT (Factory Pack),ROLLER-6MM-20050,gid://shopify/InventoryItem/47394354036805,15
Czech Glass Roller Beads 6mm LIGHTER SAPPHIRE TRANSPARENT (Mini Pack),ROLLER-6MM-30030mini,gid://shopify/InventoryItem/47394354069573,15
Czech Glass Roller Beads 6mm LIGHTER SAPPHIRE TRANSPARENT (Factory Pack),ROLLER-6MM-30030,gid://shopify/InventoryItem/47394354102341,15
Czech Glass Roller Beads 6mm SAPPHIRE TRANSPARENT (Mini Pack),ROLLER-6MM-30060mini,gid://shopify/InventoryItem/47394354135109,15
Czech Glass Roller Beads 6mm SAPPHIRE TRANSPARENT (Factory Pack),ROLLER-6MM-30060,gid://shopify/InventoryItem/47394354167877,15
Czech Glass Roller Beads 6mm COBALT TRANSPARENT (Mini Pack),ROLLER-6MM-30090mini,gid://shopify/InventoryItem/47394354200645,15
Czech Glass Roller Beads 6mm COBALT TRANSPARENT (Factory Pack),ROLLER-6MM-30090,gid://shopify/InventoryItem/47394354233413,15
Czech Glass Roller Beads 6mm SMOKE GREY TRANSPARENT (Mini Pack),ROLLER-6MM-40020mini,gid://shopify/InventoryItem/47394354266181,15
Czech Glass Roller Beads 6mm SMOKE GREY TRANSPARENT (Factory Pack),ROLLER-6MM-40020,gid://shopify/InventoryItem/47394354298949,15
Czech Glass Roller Beads 6mm EMERALD TRANSPARENT (Mini Pack),ROLLER-6MM-50130mini,gid://shopify/InventoryItem/47394354331717,15
Czech Glass Roller Beads 6mm EMERALD TRANSPARENT (Factory Pack),ROLLER-6MM-50130,gid://shopify/InventoryItem/47394354364485,15
Czech Glass Roller Beads 6mm DARK EMERALD TRANSPARENT (Mini Pack),ROLLER-6MM-50150mini,gid://shopify/InventoryItem/47394354397253,15
Czech Glass Roller Beads 6mm DARK EMERALD TRANSPARENT (Factory Pack),ROLLER-6MM-50150,gid://shopify/InventoryItem/47394354430021,15
Czech Glass Roller Beads 6mm DARK OLIVINE TRANSPARENT (Mini Pack),ROLLER-6MM-50250mini,gid://shopify/InventoryItem/47394354462789,15
Czech Glass Roller Beads 6mm DARK OLIVINE TRANSPARENT (Factory Pack),ROLLER-6MM-50250,gid://shopify/InventoryItem/47394354495557,15
Czech Glass Roller Beads 6mm PERIDOT TRANSPARENT MATTE (Mini Pack),ROLLER-6MM-5043Mmini,gid://shopify/InventoryItem/47394354528325,15
Czech Glass Roller Beads 6mm PERIDOT TRANSPARENT MATTE (Factory Pack),ROLLER-6MM-5043M,gid://shopify/InventoryItem/47394354561093,15
Czech Glass Roller Beads 6mm LIGHT TEAL TRANSPARENT (Mini Pack),ROLLER-6MM-50710mini,gid://shopify/InventoryItem/47394354593861,15
Czech Glass Roller Beads 6mm LIGHT TEAL TRANSPARENT (Factory Pack),ROLLER-6MM-50710,gid://shopify/InventoryItem/47394354626629,15
Czech Glass Roller Beads 6mm TEAL TRANSPARENT (Mini Pack),ROLLER-6MM-50730mini,gid://shopify/InventoryItem/47394354659397,15
Czech Glass Roller Beads 6mm TEAL TRANSPARENT (Factory Pack),ROLLER-6MM-50730,gid://shopify/InventoryItem/47394354692165,15
Czech Glass Roller Beads 6mm LIGHT AQUAMARINE TRANSPARENT (Mini Pack),ROLLER-6MM-60010mini,gid://shopify/InventoryItem/47394354724933,15
Czech Glass Roller Beads 6mm LIGHT AQUAMARINE TRANSPARENT (Factory Pack),ROLLER-6MM-60010,gid://shopify/InventoryItem/47394354757701,15
Czech Glass Roller Beads 6mm AQUAMARINE TRANSPARENT (Mini Pack),ROLLER-6MM-60040mini,gid://shopify/InventoryItem/47394354790469,15
Czech Glass Roller Beads 6mm AQUAMARINE TRANSPARENT (Factory Pack),ROLLER-6MM-60040,gid://shopify/InventoryItem/47394354823237,15
Czech Glass Roller Beads 6mm DARK AQUAMARINE TRANSPARENT (Mini Pack),ROLLER-6MM-60080mini,gid://shopify/InventoryItem/47394354856005,15
Czech Glass Roller Beads 6mm DARK AQUAMARINE TRANSPARENT (Factory Pack),ROLLER-6MM-60080,gid://shopify/InventoryItem/47394354888773,15
Czech Glass Roller Beads 6mm PINK PEACH TRANSPARENT (Mini Pack),ROLLER-6MM-70100mini,gid://shopify/InventoryItem/47394354921541,15
Czech Glass Roller Beads 6mm PINK PEACH TRANSPARENT (Factory Pack),ROLLER-6MM-70100,gid://shopify/InventoryItem/47394354954309,15
Czech Glass Roller Beads 6mm CITRINE TRANSPARENT (Mini Pack),ROLLER-6MM-80020mini,gid://shopify/InventoryItem/47394355019845,15
Czech Glass Roller Beads 6mm CITRINE TRANSPARENT (Factory Pack),ROLLER-6MM-80020,gid://shopify/InventoryItem/47394355052613,15
Czech Glass Roller Beads 6mm HYACINTH TRANSPARENT (Mini Pack),ROLLER-6MM-90040mini,gid://shopify/InventoryItem/47394355085381,15
Czech Glass Roller Beads 6mm HYACINTH TRANSPARENT (Factory Pack),ROLLER-6MM-90040,gid://shopify/InventoryItem/47394355118149,15
Czech Glass Roller Beads 6mm SIAM RUBY TRANSPARENT MATTE (Mini Pack),ROLLER-6MM-9008Mmini,gid://shopify/InventoryItem/47394355150917,15
Czech Glass Roller Beads 6mm SIAM RUBY TRANSPARENT MATTE (Factory Pack),ROLLER-6MM-9008M,gid://shopify/InventoryItem/47394355183685,15
Czech Glass Roller Beads 9mm CHALK WHITE OPAQUE (Mini Pack),ROLLER-9MM-03050mini,gid://shopify/InventoryItem/47394355216453,15
Czech Glass Roller Beads 9mm CHALK WHITE OPAQUE (Factory Pack),ROLLER-9MM-03050,gid://shopify/InventoryItem/47394355249221,15
Czech Glass Roller Beads 9mm BROWN OPAQUE (Mini Pack),ROLLER-9MM-13600mini,gid://shopify/InventoryItem/47394355281989,15
Czech Glass Roller Beads 9mm BROWN OPAQUE (Factory Pack),ROLLER-9MM-13600,gid://shopify/InventoryItem/47394355314757,15
Czech Glass Roller Beads 9mm DARK BROWN OPAQUE (Mini Pack),ROLLER-9MM-13620mini,gid://shopify/InventoryItem/47394355347525,15
Czech Glass Roller Beads 9mm DARK BROWN OPAQUE (Factory Pack),ROLLER-9MM-13620,gid://shopify/InventoryItem/47394355380293,15
Czech Glass Roller Beads 9mm GUNMETAL METALLIC (Mini Pack),ROLLER-9MM-14400mini,gid://shopify/InventoryItem/47394355413061,15
Czech Glass Roller Beads 9mm GUNMETAL METALLIC (Factory Pack),ROLLER-9MM-14400,gid://shopify/InventoryItem/47394355445829,15
Czech Glass Roller Beads 9mm BROWN IRIS METALLIC (Mini Pack),ROLLER-9MM-21415mini,gid://shopify/InventoryItem/47394355478597,15
Czech Glass Roller Beads 9mm BROWN IRIS METALLIC (Factory Pack),ROLLER-9MM-21415,gid://shopify/InventoryItem/47394355511365,15
Czech Glass Roller Beads 9mm BLUE IRIS METALLIC (Mini Pack),ROLLER-9MM-21435mini,gid://shopify/InventoryItem/47394355544133,15
Czech Glass Roller Beads 9mm BLUE IRIS METALLIC (Factory Pack),ROLLER-9MM-21435,gid://shopify/InventoryItem/47394355576901,15
Czech Glass Roller Beads 9mm AMETHYST OPAQUE (Mini Pack),ROLLER-9MM-23030mini,gid://shopify/InventoryItem/47394355609669,15
Czech Glass Roller Beads 9mm AMETHYST OPAQUE (Factory Pack),ROLLER-9MM-23030,gid://shopify/InventoryItem/47394355642437,15
Czech Glass Roller Beads 9mm JET BLACK (Mini Pack),ROLLER-9MM-23980mini,gid://shopify/InventoryItem/47394355675205,15
Czech Glass Roller Beads 9mm JET BLACK (Factory Pack),ROLLER-9MM-23980,gid://shopify/InventoryItem/47394355707973,15
Czech Glass Roller Beads 9mm TRANSLUCENT BLUE OPAL GLASS (Mini Pack),ROLLER-9MM-31010mini,gid://shopify/InventoryItem/47394355740741,15
Czech Glass Roller Beads 9mm TRANSLUCENT BLUE OPAL GLASS (Factory Pack),ROLLER-9MM-31010,gid://shopify/InventoryItem/47394355773509,15
Czech Glass Roller Beads 9mm TRANSLUCENT BLUE ALABASTER GLASS (Mini Pack),ROLLER-9MM-32010mini,gid://shopify/InventoryItem/47394355806277,15
Czech Glass Roller Beads 9mm TRANSLUCENT BLUE ALABASTER GLASS (Factory Pack),ROLLER-9MM-32010,gid://shopify/InventoryItem/47394355839045,15
Czech Glass Roller Beads 9mm BLUE OPAQUE (Mini Pack),ROLLER-9MM-33060mini,gid://shopify/InventoryItem/47394355871813,15
Czech Glass Roller Beads 9mm BLUE OPAQUE (Factory Pack),ROLLER-9MM-33060,gid://shopify/InventoryItem/47394355904581,15
Czech Glass Roller Beads 9mm GREY OPAQUE LUSTER (Mini Pack),ROLLER-9MM-4302Lmini,gid://shopify/InventoryItem/47394355937349,15
Czech Glass Roller Beads 9mm GREY OPAQUE LUSTER (Factory Pack),ROLLER-9MM-4302L,gid://shopify/InventoryItem/47394355970117,15
Czech Glass Roller Beads 9mm TRANSLUCENT GREEN OPAL GLASS (Mini Pack),ROLLER-9MM-51010mini,gid://shopify/InventoryItem/47394356002885,15
Czech Glass Roller Beads 9mm TRANSLUCENT GREEN OPAL GLASS (Factory Pack),ROLLER-9MM-51010,gid://shopify/InventoryItem/47394356035653,15
Czech Glass Roller Beads 9mm TRANSLUCENT GREEN ALABASTER GLASS (Mini Pack),ROLLER-9MM-52120mini,gid://shopify/InventoryItem/47394356101189,15
Czech Glass Roller Beads 9mm TRANSLUCENT GREEN ALABASTER GLASS (Factory Pack),ROLLER-9MM-52120,gid://shopify/InventoryItem/47394356133957,15
Czech Glass Roller Beads 9mm BLUE TURQUOISE OPAQUE (Mini Pack),ROLLER-9MM-63040mini,gid://shopify/InventoryItem/47394356166725,15
Czech Glass Roller Beads 9mm BLUE TURQUOISE OPAQUE (Factory Pack),ROLLER-9MM-63040,gid://shopify/InventoryItem/47394356199493,15
Czech Glass Roller Beads 9mm LIGHT TURQUOISE OPAQUE (Mini Pack),ROLLER-9MM-63110mini,gid://shopify/InventoryItem/47394356232261,15
Czech Glass Roller Beads 9mm LIGHT TURQUOISE OPAQUE (Factory Pack),ROLLER-9MM-63110,gid://shopify/InventoryItem/47394356265029,15
Czech Glass Roller Beads 9mm GREEN TURQUOISE OPAQUE (Mini Pack),ROLLER-9MM-63130mini,gid://shopify/InventoryItem/47394356297797,15
Czech Glass Roller Beads 9mm GREEN TURQUOISE OPAQUE (Factory Pack),ROLLER-9MM-63130,gid://shopify/InventoryItem/47394356330565,15
Czech Glass Roller Beads 9mm TRANSLUCENT PINK (Mini Pack),ROLLER-9MM-71010mini,gid://shopify/InventoryItem/47394356363333,15
Czech Glass Roller Beads 9mm TRANSLUCENT PINK (Factory Pack),ROLLER-9MM-71010,gid://shopify/InventoryItem/47394356396101,15
Czech Glass Roller Beads 9mm PINK OPAQUE (Mini Pack),ROLLER-9MM-73010mini,gid://shopify/InventoryItem/47394356428869,15
Czech Glass Roller Beads 9mm PINK OPAQUE (Factory Pack),ROLLER-9MM-73010,gid://shopify/InventoryItem/47394356461637,15
Czech Glass Roller Beads 9mm TRANSLUCENT CITRINE OPAL GLASS (Mini Pack),ROLLER-9MM-81210mini,gid://shopify/InventoryItem/47394356494405,15
Czech Glass Roller Beads 9mm TRANSLUCENT CITRINE OPAL GLASS (Factory Pack),ROLLER-9MM-81210,gid://shopify/InventoryItem/47394356527173,15
Czech Glass Roller Beads 9mm YELLOW OPAQUE (Mini Pack),ROLLER-9MM-83110mini,gid://shopify/InventoryItem/47394356559941,15
Czech Glass Roller Beads 9mm YELLOW OPAQUE (Factory Pack),ROLLER-9MM-83110,gid://shopify/InventoryItem/47394356592709,15
Czech Glass Roller Beads 9mm MANGO OPAQUE (Mini Pack),ROLLER-9MM-93110mini,gid://shopify/InventoryItem/47394356691013,15
Czech Glass Roller Beads 9mm MANGO OPAQUE (Factory Pack),ROLLER-9MM-93110,gid://shopify/InventoryItem/47394356723781,15
Czech Glass Roller Beads 9mm ORANGE OPAQUE (Mini Pack),ROLLER-9MM-93140mini,gid://shopify/InventoryItem/47394356756549,15
Czech Glass Roller Beads 9mm ORANGE OPAQUE (Factory Pack),ROLLER-9MM-93140,gid://shopify/InventoryItem/47394356789317,15
Czech Glass Roller Beads 9mm RED OPAQUE (Mini Pack),ROLLER-9MM-93200mini,gid://shopify/InventoryItem/47394356822085,15
Czech Glass Roller Beads 9mm RED OPAQUE (Factory Pack),ROLLER-9MM-93200,gid://shopify/InventoryItem/47394356854853,15
Czech Glass Roller Beads 9mm BURGUNDY  OPAQUE (Mini Pack),ROLLER-9MM-93210mini,gid://shopify/InventoryItem/47394356887621,15
Czech Glass Roller Beads 9mm BURGUNDY  OPAQUE (Factory Pack),ROLLER-9MM-93210,gid://shopify/InventoryItem/47394356920389,15
Czech Glass Roller Beads 9mm SOFT SILVER OPAQUE (Mini Pack),ROLLER-9MM-01700mini,gid://shopify/InventoryItem/47394356953157,15
Czech Glass Roller Beads 9mm SOFT SILVER OPAQUE (Factory Pack),ROLLER-9MM-01700,gid://shopify/InventoryItem/47394356985925,15
Czech Glass Roller Beads 9mm SOFT BRONZE OPAQUE (Mini Pack),ROLLER-9MM-01710mini,gid://shopify/InventoryItem/47394357018693,15
Czech Glass Roller Beads 9mm SOFT BRONZE OPAQUE (Factory Pack),ROLLER-9MM-01710,gid://shopify/InventoryItem/47394357051461,15
Czech Glass Roller Beads 9mm SOFT SLATE BLUE (Mini Pack),ROLLER-9MM-01730mini,gid://shopify/InventoryItem/47394357084229,15
Czech Glass Roller Beads 9mm SOFT SLATE BLUE (Factory Pack),ROLLER-9MM-01730,gid://shopify/InventoryItem/47394357116997,15
Czech Glass Roller Beads 9mm SOFT GREEN (Mini Pack),ROLLER-9MM-01750mini,gid://shopify/InventoryItem/47394357149765,15
Czech Glass Roller Beads 9mm SOFT GREEN (Factory Pack),ROLLER-9MM-01750,gid://shopify/InventoryItem/47394357182533,15
Czech Glass Roller Beads 9mm SOFT RED (Mini Pack),ROLLER-9MM-01790mini,gid://shopify/InventoryItem/47394357215301,15
Czech Glass Roller Beads 9mm SOFT RED (Factory Pack),ROLLER-9MM-01790,gid://shopify/InventoryItem/47394357248069,15
Czech Glass Roller Beads 9mm SOFT DARK PURPLE (Mini Pack),ROLLER-9MM-01720mini,gid://shopify/InventoryItem/47394357280837,15
Czech Glass Roller Beads 9mm SOFT DARK PURPLE (Factory Pack),ROLLER-9MM-01720,gid://shopify/InventoryItem/47394357313605,15
Czech Glass Roller Beads 6mm CHALK WHITE OPAQUE (Mini Pack),ROLLER-6MM-03050mini,gid://shopify/InventoryItem/47394357346373,15
Czech Glass Roller Beads 6mm CHALK WHITE OPAQUE (Factory Pack),ROLLER-6MM-03050,gid://shopify/InventoryItem/47394357379141,15
Czech Glass Roller Beads 6mm GUNMETAL (Mini Pack),ROLLER-6MM-14400mini,gid://shopify/InventoryItem/47394357411909,15
Czech Glass Roller Beads 6mm GUNMETAL (Factory Pack),ROLLER-6MM-14400,gid://shopify/InventoryItem/47394357444677,15
Czech Glass Roller Beads 6mm BROWN IRIS METALLIC (Mini Pack),ROLLER-6MM-21415mini,gid://shopify/InventoryItem/47394357510213,15
Czech Glass Roller Beads 6mm BROWN IRIS METALLIC (Factory Pack),ROLLER-6MM-21415,gid://shopify/InventoryItem/47394357542981,15
Czech Glass Roller Beads 6mm BLUE IRIS METALLIC (Mini Pack),ROLLER-6MM-21435mini,gid://shopify/InventoryItem/47394357575749,15
Czech Glass Roller Beads 6mm BLUE IRIS METALLIC (Factory Pack),ROLLER-6MM-21435,gid://shopify/InventoryItem/47394357608517,15
Czech Glass Roller Beads 6mm GREEN IRIS METALLIC (Mini Pack),ROLLER-6MM-21455mini,gid://shopify/InventoryItem/47394357641285,15
Czech Glass Roller Beads 6mm GREEN IRIS METALLIC (Factory Pack),ROLLER-6MM-21455,gid://shopify/InventoryItem/47394357674053,15
Czech Glass Roller Beads 6mm PURPLE IRIS METALLIC (Mini Pack),ROLLER-6MM-21495mini,gid://shopify/InventoryItem/47394357706821,15
Czech Glass Roller Beads 6mm PURPLE IRIS METALLIC (Factory Pack),ROLLER-6MM-21495,gid://shopify/InventoryItem/47394357739589,15
Czech Glass Roller Beads 6mm TRANSLUCENT BLUE OPAL GLASS (Mini Pack),ROLLER-6MM-31010mini,gid://shopify/InventoryItem/47394357772357,15
Czech Glass Roller Beads 6mm TRANSLUCENT BLUE OPAL GLASS (Factory Pack),ROLLER-6MM-31010,gid://shopify/InventoryItem/47394357805125,15
Czech Glass Roller Beads 6mm JET BLACK AB OPAQUE (Mini Pack),ROLLER-6MM-2398ABmini,gid://shopify/InventoryItem/47394357837893,15
Czech Glass Roller Beads 6mm JET BLACK AB OPAQUE (Factory Pack),ROLLER-6MM-2398AB,gid://shopify/InventoryItem/47394357870661,15
Czech Glass Roller Beads 6mm BLUE TURQUOISE MATTE OPAQUE (Mini Pack),ROLLER-6MM-6302Mmini,gid://shopify/InventoryItem/47394357903429,15
Czech Glass Roller Beads 6mm BLUE TURQUOISE MATTE OPAQUE (Factory Pack),ROLLER-6MM-6302M,gid://shopify/InventoryItem/47394357936197,15
Czech Glass Roller Beads 6mm YELLOW OPAQUE (Mini Pack),ROLLER-6MM-83130mini,gid://shopify/InventoryItem/47394357968965,15
Czech Glass Roller Beads 6mm YELLOW OPAQUE (Factory Pack),ROLLER-6MM-83110,gid://shopify/InventoryItem/47394358001733,15
Czech Glass Roller Beads 6mm ORANGE OPAQUE (Mini Pack),ROLLER-6MM-93140mini,gid://shopify/InventoryItem/47394358034501,15
Czech Glass Roller Beads 6mm ORANGE OPAQUE (Factory Pack),ROLLER-6MM-93140,gid://shopify/InventoryItem/47394358067269,15
Czech Glass Roller Beads 6mm RED OPAQUE (Mini Pack),ROLLER-6MM-93210mini,gid://shopify/InventoryItem/47394358100037,15
Czech Glass Roller Beads 6mm RED OPAQUE (Factory Pack),ROLLER-6MM-93210,gid://shopify/InventoryItem/47394358132805,15
Czech Glass Roller Beads 6mm SOFT RED (Mini Pack),ROLLER-6MM-01790mini,gid://shopify/InventoryItem/47394358165573,15
Czech Glass Roller Beads 6mm SOFT RED (Factory Pack),ROLLER-6MM-01790,gid://shopify/InventoryItem/47394358198341,15
Czech Glass Crow Beads 9mm BROWN (Mini Pack),CROW-9MM-13000mini,gid://shopify/InventoryItem/47394358231109,15
Czech Glass Crow Beads 9mm BROWN (Factory Pack),CROW-9MM-13000,gid://shopify/InventoryItem/47394358263877,15
Czech Glass Crow Beads 9mm MAUVE (Mini Pack),CROW-9MM-22500mini,gid://shopify/InventoryItem/47394358296645,15
Czech Glass Crow Beads 9mm MAUVE (Factory Pack),CROW-9MM-22500,gid://shopify/InventoryItem/47394358329413,15
Czech Glass Crow Beads 9mm PURPLE (Mini Pack),CROW-9MM-23000mini,gid://shopify/InventoryItem/47394358362181,15
Czech Glass Crow Beads 9mm PURPLE (Factory Pack),CROW-9MM-23000,gid://shopify/InventoryItem/47394358394949,15
Czech Glass Crow Beads 9mm BLUE (Mini Pack),CROW-9MM-30500mini,gid://shopify/InventoryItem/47394358460485,15
Czech Glass Crow Beads 9mm BLUE (Factory Pack),CROW-9MM-30500,gid://shopify/InventoryItem/47394358493253,15
Czech Glass Crow Beads 9mm GREEN (Mini Pack),CROW-9MM-52000mini,gid://shopify/InventoryItem/47394358558789,15
Czech Glass Crow Beads 9mm GREEN (Factory Pack),CROW-9MM-52000,gid://shopify/InventoryItem/47394358591557,15
Czech Glass Crow Beads 9mm YELLOW (Mini Pack),CROW-9MM-80600mini,gid://shopify/InventoryItem/47394358624325,15
Czech Glass Crow Beads 9mm YELLOW (Factory Pack),CROW-9MM-80600,gid://shopify/InventoryItem/47394358657093,15
Czech Glass Crow Beads 9mm ORANGE (Mini Pack),CROW-9MM-83500mini,gid://shopify/InventoryItem/47394358689861,15
Czech Glass Crow Beads 9mm ORANGE (Factory Pack),CROW-9MM-83500,gid://shopify/InventoryItem/47394358722629,15
Czech Glass Crow Beads 9mm DARK ORANGE (Mini Pack),CROW-9MM-90600mini,gid://shopify/InventoryItem/47394358755397,15
Czech Glass Crow Beads 9mm DARK ORANGE (Factory Pack),CROW-9MM-90600,gid://shopify/InventoryItem/47394358788165,15
Plexi-Lalique Flower 20mm Frosted Crystal (Mini Pack),PL1631-20mm-Flower-mini,gid://shopify/InventoryItem/47394514010181,15
Plexi-Lalique Flower 20mm Frosted Crystal (Factory Pack),PL1631-20mm-Flower,gid://shopify/InventoryItem/47394514042949,15
Plexi-Lalique Petals 24mm Frosted Crystal (Mini Pack),PL1632-24mm-Petals-mini,gid://shopify/InventoryItem/47394514239557,15
Plexi-Lalique Petals 24mm Frosted Crystal (Factory Pack),PL1632-24mm-Petals,gid://shopify/InventoryItem/47394514272325,15
Plexi-Lalique Daisy 23mm Frosted Crystal (Mini Pack),PL1637-23mm-Daisy-mini,gid://shopify/InventoryItem/47394514305093,15
Plexi-Lalique Daisy 23mm Frosted Crystal (Factory Pack),PL1637-23mm-Daisy,gid://shopify/InventoryItem/47394514337861,15
Plexi-Lalique Petals 26mm Frosted Crystal (Mini Pack),PL1638-26mm-Petals-mini,gid://shopify/InventoryItem/47394514370629,15
Plexi-Lalique Petals 26mm Frosted Crystal (Factory Pack),PL1638-26mm-Petals,gid://shopify/InventoryItem/47394514403397,15
Plexi-Lalique Petals 34mm Frosted Crystal (Mini Pack),PL1640-34mm-Petals-mini,gid://shopify/InventoryItem/47394514763845,15
Plexi-Lalique Petals 34mm Frosted Crystal (Factory Pack),PL1640-34mm-Petals,gid://shopify/InventoryItem/47394514796613,15
Plexi-Lalique Daisy button 23mm Frosted Crystal (Mini Pack),PL1645-23mm-Petals-mini,gid://shopify/InventoryItem/47394514829381,15
Plexi-Lalique Daisy button 23mm Frosted Crystal (Factory Pack),PL1645-23mm-Daisy button,gid://shopify/InventoryItem/47394514862149,15
Plexi-Lalique Daisy button 17mm Frosted Crystal (Mini Pack),PL1646-17mm-Daisy-mini,gid://shopify/InventoryItem/47394514894917,15
Plexi-Lalique Daisy button 17mm Frosted Crystal (Factory Pack),PL1646-17mm-Daisy button,gid://shopify/InventoryItem/47394514927685,15
Plexi-Lalique Petals 17mm Frosted Crystal (Mini Pack),PL1647-17mm-Petals-mini,gid://shopify/InventoryItem/47394514960453,15
Plexi-Lalique Petals 17mm Frosted Crystal (Factory Pack),PL1647-17mm-Petals,gid://shopify/InventoryItem/47394514993221,15
Plexi-Lalique Leaf 25x15mm Frosted Crystal (Mini Pack),PL1648-25x15mm-Leaf-mini,gid://shopify/InventoryItem/47394515025989,15
Plexi-Lalique Leaf 25x15mm Frosted Crystal (Factory Pack),PL1648-25x15mm-Leaf,gid://shopify/InventoryItem/47394515058757,15
Plexi-Lalique Leaf 18x24mm Frosted Crystal (Mini Pack),PL1649-18x24mm-Leaf-mini,gid://shopify/InventoryItem/47394515091525,15
Plexi-Lalique Leaf 18x24mm Frosted Crystal (Factory Pack),PL1649-18x24mm-Leaf,gid://shopify/InventoryItem/47394515124293,15
Plexi-Lalique Leaf 27x26mm Frosted Crystal (Mini Pack),PL1650-27x26mm-Leaf-mini,gid://shopify/InventoryItem/47394515157061,15
Plexi-Lalique Leaf 27x26mm Frosted Crystal (Factory Pack),PL1650-27x26mm-Leaf,gid://shopify/InventoryItem/47394515189829,15
Plexi-Lalique Leaf 21x20mm Frosted Crystal (Mini Pack),PL1651-21x20mm-Leaf-mini,gid://shopify/InventoryItem/47394515386437,15
Plexi-Lalique Leaf 21x20mm Frosted Crystal (Factory Pack),PL1651-21x20mm-Leaf,gid://shopify/InventoryItem/47394515419205,15
Plexi-Lalique Leaves 34x32mm Frosted Crystal (Mini Pack),PL1653-34x32mm-Leaves-mini,gid://shopify/InventoryItem/47394515451973,15
Plexi-Lalique Leaves 34x32mm Frosted Crystal (Factory Pack),PL1653-34x32mm-Leaves,gid://shopify/InventoryItem/47394515484741,15
Plexi-Lalique Leaf 52.5x15mm Frosted Crystal (Mini Pack),PL1654-52.5x15mm-Leaf-mini,gid://shopify/InventoryItem/47394515517509,15
Plexi-Lalique Leaf 52.5x15mm Frosted Crystal (Factory Pack),PL1654-52.5x15mm-Leaf,gid://shopify/InventoryItem/47394515550277,15
Plexi-Lalique Leaf 41x15mm Frosted Crystal (Mini Pack),PL1655-41x15mm-Leaf-mini,gid://shopify/InventoryItem/47394515746885,15
Plexi-Lalique Leaf 41x15mm Frosted Crystal (Factory Pack),PL1655-41x15mm-Leaf,gid://shopify/InventoryItem/47394515779653,15
Plexi-Lalique Petals 30x17mm Frosted Crystal (Mini Pack),PL1656-30x17mm-Petals-mini,gid://shopify/InventoryItem/47394515976261,15
Plexi-Lalique Petals 30x17mm Frosted Crystal (Factory Pack),PL1656-30x17mm-Petals,gid://shopify/InventoryItem/47394516009029,15
Plexi-Lalique Leaf 27x10mm Frosted Crystal (Mini Pack),PL1657-27X10mm-Leaf-mini,gid://shopify/InventoryItem/47394516205637,15
Plexi-Lalique Leaf 27x10mm Frosted Crystal (Factory Pack),PL1657-27X10mm-Leaf,gid://shopify/InventoryItem/47394516238405,15
RIM CHATONMONTEE SET WITH PRECIOSA MC CRYSTAL OPTIMA CHATONS 13ss - CRYSTAL/SILVER (Mini Pack),8039-13ss-0003S-mini,gid://shopify/InventoryItem/47398651985989,15
RIM CHATONMONTEE SET WITH PRECIOSA MC CRYSTAL OPTIMA CHATONS 13ss - CRYSTAL/SILVER (Factory Pack),8039-13ss-0003S,gid://shopify/InventoryItem/47398652018757,15
RIM CHATONMONTEE SET WITH PRECIOSA MC CRYSTAL OPTIMA CHATONS 16ss - CRYSTAL/SILVER (Mini Pack),8039-16ss-0003S-mini,gid://shopify/InventoryItem/47401454272581,15
RIM CHATONMONTEE SET WITH PRECIOSA MC CRYSTAL OPTIMA CHATONS 16ss - CRYSTAL/SILVER (Factory Pack),8039-16ss-0003S,gid://shopify/InventoryItem/47401454305349,15
RIM CHATONMONTEE SET WITH PRECIOSA MC CRYSTAL OPTIMA CHATONS 20ss - CRYSTAL/SILVER (Mini Pack),8039-20ss-0003S-mini,gid://shopify/InventoryItem/47401464430661,15
RIM CHATONMONTEE SET WITH PRECIOSA MC CRYSTAL OPTIMA CHATONS 20ss - CRYSTAL/SILVER (Factory Pack),8039-20ss-0003S,gid://shopify/InventoryItem/47401464463429,15
RIM CHATONMONTEE SET WITH PRECIOSA MC CRYSTAL OPTIMA CHATONS 30ss - CRYSTAL/SILVER (Mini Pack),8039-30ss-0003S-mini,gid://shopify/InventoryItem/47401478160453,15
RIM CHATONMONTEE SET WITH PRECIOSA MC CRYSTAL OPTIMA CHATONS 30ss - CRYSTAL/SILVER (Factory Pack),8039-30ss-0003S,gid://shopify/InventoryItem/47401478193221,15
RIM CHATONMONTEE SET WITH PRECIOSA MC CRYSTAL OPTIMA CHATONS 34ss - CRYSTAL/SILVER (Mini Pack),8039-34ss-0003S-mini,gid://shopify/InventoryItem/47401485828165,15
RIM CHATONMONTEE SET WITH PRECIOSA MC CRYSTAL OPTIMA CHATONS 34ss - CRYSTAL/SILVER (Factory Pack),8039-34ss-0003S,gid://shopify/InventoryItem/47401485860933,15
Czech Glass Roller Beads 9mm TOPAZ TRANSPARENT MATTE (Mini Pack),ROLLER-9MM-1006Mmini,gid://shopify/InventoryItem/47411476725829,15
Czech Glass Roller Beads 9mm TOPAZ TRANSPARENT MATTE (Factory Pack),ROLLER-9MM-1006M,gid://shopify/InventoryItem/47411476758597,15
Czech Glass Roller Beads 6mm LIGHT SAPPHIRE TRANSPARENT (Mini Pack),ROLLER-6MM-30040mini,gid://shopify/InventoryItem/47411476791365,15
Czech Glass Roller Beads 6mm LIGHT SAPPHIRE TRANSPARENT (Factory Pack),ROLLER-6MM-30040,gid://shopify/InventoryItem/47411476824133,15
Plexi-Lalique Petals 27mm Frosted Crystal (Mini Pack),PL1634-27mm-Petals-mini,gid://shopify/InventoryItem/47411551371333,15
Plexi-Lalique Petals 27mm Frosted Crystal (Factory Pack),PL1634-27mm-Petals,gid://shopify/InventoryItem/47411551404101,15
2 CUT 11/0 TOPAZ TRANSPARENT LOOSE PRECIOSA ORNELA BEADS (Mini Pack),2CUT-11/0-10050LOOSE-mini,gid://shopify/InventoryItem/47431206502469,15
2 CUT 11/0 TOPAZ TRANSPARENT LOOSE PRECIOSA ORNELA BEADS (Factory Pack),2CUT-11/0-10050 LOOSE,gid://shopify/InventoryItem/47431206535237,15
2 CUT 11/0 ROOT BEER TRANSPARENT PRECIOSA ORNELA BEADS (Mini Pack),2CUT-11/0-10140-mini,gid://shopify/InventoryItem/47431206568005,15
2 CUT 11/0 ROOT BEER TRANSPARENT PRECIOSA ORNELA BEADS (Factory Pack),2CUT-11/0-10140,gid://shopify/InventoryItem/47431206600773,15
2 CUT 11/0 CREAM LUSTER BLUE LINED PRECIOSA ORNELA BEADS (Mini Pack),2CUT-11/0-11022-mini,gid://shopify/InventoryItem/47431206633541,15
2 CUT 11/0 CREAM LUSTER BLUE LINED PRECIOSA ORNELA BEADS (Factory Pack),2CUT-11/0-11022,gid://shopify/InventoryItem/47431206666309,15
2 CUT 11/0 AQUA LUSTER BEIGE LINED PRECIOSA ORNELA BEADS (Mini Pack),2CUT-11/0-61017-mini,gid://shopify/InventoryItem/47431206699077,15
2 CUT 11/0 AQUA LUSTER BEIGE LINED PRECIOSA ORNELA BEADS (Factory Pack),2CUT-11/0-61017,gid://shopify/InventoryItem/47431206731845,15
2 CUT 11/0 AQUA LUSTER RED LINED PRECIOSA ORNELA BEADS (Mini Pack),2CUT-11/0-61018-mini,gid://shopify/InventoryItem/47431206764613,15
2 CUT 11/0 AQUA LUSTER RED LINED PRECIOSA ORNELA BEADS (Factory Pack),2CUT-11/0-61018,gid://shopify/InventoryItem/47431206797381,15
2 CUT 11/0 CITRINE LUSTER LT. GREEN LINED PRECIOSA ORNELA BEADS (Mini Pack),2CUT-11/0-81012-mini,gid://shopify/InventoryItem/47431206830149,15
2 CUT 11/0 CITRINE LUSTER LT. GREEN LINED PRECIOSA ORNELA BEADS (Factory Pack),2CUT-11/0-81012,gid://shopify/InventoryItem/47431206862917,15
2 CUT 11/0 AMBER SATIN PRECIOSA ORNELA BEADS (Mini Pack),2CUT-11/0-15041-mini,gid://shopify/InventoryItem/47431207190597,15
2 CUT 11/0 AMBER SATIN PRECIOSA ORNELA BEADS (Factory Pack),2CUT-11/0-15041,gid://shopify/InventoryItem/47431207223365,15
2 CUT 11/0 BLUE SATIN PRECIOSA ORNELA BEADS (Mini Pack),2CUT-11/0-35061-mini,gid://shopify/InventoryItem/47431208009797,15
2 CUT 11/0 BLUE SATIN PRECIOSA ORNELA BEADS (Factory Pack),2CUT-11/0-35061,gid://shopify/InventoryItem/47431208042565,15
2 CUT 11/0 AQUA SATIN PRECIOSA ORNELA BEADS (Mini Pack),2CUT-11/0-65021-mini,gid://shopify/InventoryItem/47431208370245,15
2 CUT 11/0 AQUA SATIN PRECIOSA ORNELA BEADS (Factory Pack),2CUT-11/0-65021,gid://shopify/InventoryItem/47431208403013,15
2 CUT 11/0 YELLOW SATIN PRECIOSA ORNELA BEADS (Mini Pack),2CUT-11/0-85011-mini,gid://shopify/InventoryItem/47431208665157,15
2 CUT 11/0 YELLOW SATIN PRECIOSA ORNELA BEADS (Factory Pack),2CUT-11/0-85011,gid://shopify/InventoryItem/47431208697925,15
2 CUT 11/0 RED SATIN PRECIOSA ORNELA BEADS (Mini Pack),2CUT-11/0-95081-mini,gid://shopify/InventoryItem/47431208763461,15
2 CUT 11/0 RED SATIN PRECIOSA ORNELA BEADS (Factory Pack),2CUT-11/0-95081,gid://shopify/InventoryItem/47431208796229,15
2 CUT 11/0 CRYSTAL LUSTER BLACK LINED PRECIOSA ORNELA BEADS (Mini Pack),2CUT-11/0-38049-mini,gid://shopify/InventoryItem/47431208828997,15
2 CUT 11/0 CRYSTAL LUSTER BLACK LINED PRECIOSA ORNELA BEADS (Factory Pack),2CUT-11/0-38049,gid://shopify/InventoryItem/47431208861765,15
2 CUT 11/0 CRYSTAL LUSTER BEIGE LINED PRECIOSA ORNELA BEADS (Mini Pack),2CUT-11/0-38115-mini,gid://shopify/InventoryItem/47431208960069,15
2 CUT 11/0 CRYSTAL LUSTER BEIGE LINED PRECIOSA ORNELA BEADS (Factory Pack),2CUT-11/0-38115,gid://shopify/InventoryItem/47431208992837,15
2 CUT 11/0 CRYSTAL LUSTER GREY LINED PRECIOSA ORNELA BEADS (Mini Pack),2CUT-11/0-38117-mini,gid://shopify/InventoryItem/47431209287749,15
2 CUT 11/0 CRYSTAL LUSTER GREY LINED PRECIOSA ORNELA BEADS (Factory Pack),2CUT-11/0-38117,gid://shopify/InventoryItem/47431209320517,15
2 CUT 11/0 CRYSTAL LUSTER LT.FUCHSIA LINED PRECIOSA ORNELA BEADS (Mini Pack),2CUT-11/0-38124-mini,gid://shopify/InventoryItem/47431209582661,15
2 CUT 11/0 CRYSTAL LUSTER LT.FUCHSIA LINED PRECIOSA ORNELA BEADS (Factory Pack),2CUT-11/0-38124,gid://shopify/InventoryItem/47431209615429,15
2 CUT 11/0 CRYSTAL LUSTER LT. BLUE LINED PRECIOSA ORNELA BEADS (Mini Pack),2CUT-11/0-38132-mini,gid://shopify/InventoryItem/47431210958917,15
2 CUT 11/0 CRYSTAL LUSTER LT. BLUE LINED PRECIOSA ORNELA BEADS (Factory Pack),2CUT-11/0-38132,gid://shopify/InventoryItem/47431210991685,15
2 CUT 11/0 CRYSTAL LUSTER SEA BLUE LINED PRECIOSA ORNELA BEADS (Mini Pack),2CUT-11/0-38136-mini,gid://shopify/InventoryItem/47431211024453,15
2 CUT 11/0 CRYSTAL LUSTER SEA BLUE LINED PRECIOSA ORNELA BEADS (Factory Pack),2CUT-11/0-38136,gid://shopify/InventoryItem/47431211057221,15
2 CUT 11/0 CRYSTAL LUSTER LT. GREEN LINED PRECIOSA ORNELA BEADS (Mini Pack),2CUT-11/0-38154-mini,gid://shopify/InventoryItem/47431211089989,15
2 CUT 11/0 CRYSTAL LUSTER LT. GREEN LINED PRECIOSA ORNELA BEADS (Factory Pack),2CUT-11/0-38154,gid://shopify/InventoryItem/47431211122757,15
2 CUT 11/0 CRYSTAL LUSTER LT. AQUA LINED PRECIOSA ORNELA BEADS (Mini Pack),2CUT-11/0-38163-mini,gid://shopify/InventoryItem/47431211155525,15
2 CUT 11/0 CRYSTAL LUSTER LT. AQUA LINED PRECIOSA ORNELA BEADS (Factory Pack),2CUT-11/0-38163,gid://shopify/InventoryItem/47431211188293,15
2 CUT 11/0 CRYSTAL LUSTER LT. PINK LINED PRECIOSA ORNELA BEADS (Mini Pack),2CUT-11/0-38173-mini,gid://shopify/InventoryItem/47431211221061,15
2 CUT 11/0 CRYSTAL LUSTER LT. PINK LINED PRECIOSA ORNELA BEADS (Factory Pack),2CUT-11/0-38173,gid://shopify/InventoryItem/47431211253829,15
2 CUT 11/0 CRYSTAL LUSTER YELLOW LINED PRECIOSA ORNELA BEADS (Mini Pack),2CUT-11/0-38182-mini,gid://shopify/InventoryItem/47431211286597,15
2 CUT 11/0 CRYSTAL LUSTER YELLOW LINED PRECIOSA ORNELA BEADS (Factory Pack),2CUT-11/0-38182,gid://shopify/InventoryItem/47431211319365,15
2 CUT 11/0 CRYSTAL LUSTER LT. PEACH LINED PRECIOSA ORNELA BEADS (Mini Pack),2CUT-11/0-38187-mini,gid://shopify/InventoryItem/47431211352133,15
2 CUT 11/0 CRYSTAL LUSTER LT. PEACH LINED PRECIOSA ORNELA BEADS (Factory Pack),2CUT-11/0-38187,gid://shopify/InventoryItem/47431211384901,15
2 CUT 11/0 CRYSTAL LUSTER STRAWBERRY LINED PRECIOSA ORNELA BEADS (Mini Pack),2CUT-11/0-38198-mini,gid://shopify/InventoryItem/47431211450437,15
2 CUT 11/0 CRYSTAL LUSTER STRAWBERRY LINED PRECIOSA ORNELA BEADS (Factory Pack),2CUT-11/0-38198,gid://shopify/InventoryItem/47431211483205,15
2 CUT 11/0 CRYSTAL TRANSPARENT LUSTER PRECIOSA ORNELA BEADS (Mini Pack),2CUT-11/0-48102-mini,gid://shopify/InventoryItem/47431211515973,15
2 CUT 11/0 CRYSTAL TRANSPARENT LUSTER PRECIOSA ORNELA BEADS (Factory Pack),2CUT-11/0-48102,gid://shopify/InventoryItem/47431211548741,15
2 CUT 11/0 ROOT BEER TRANSPARENT SILVER LINED LOOSE PRECIOSA ORNELA BEADS (Mini Pack),2CUT-11/0-17140LOOSE-mini,gid://shopify/InventoryItem/47431211581509,15
2 CUT 11/0 ROOT BEER TRANSPARENT SILVER LINED LOOSE PRECIOSA ORNELA BEADS (Factory Pack),2CUT-11/0-17140 LOOSE,gid://shopify/InventoryItem/47431211614277,15
2 CUT 11/0 AQUAMARINE TRANSPARENT SILVER LINED PRECIOSA ORNELA BEADS (Mini Pack),2CUT-11/0-67020-mini,gid://shopify/InventoryItem/47431211647045,15
2 CUT 11/0 AQUAMARINE TRANSPARENT SILVER LINED PRECIOSA ORNELA BEADS (Factory Pack),2CUT-11/0-67020,gid://shopify/InventoryItem/47431211679813,15
2 CUT 11/0 LIGHT SIAM RUBY TRANSPARENT SILVER LINED PRECIOSA ORNELA BEADS (Mini Pack),2CUT-11/0-97070-mini,gid://shopify/InventoryItem/47431211712581,15
2 CUT 11/0 LIGHT SIAM RUBY TRANSPARENT SILVER LINED PRECIOSA ORNELA BEADS (Factory Pack),2CUT-11/0-97070,gid://shopify/InventoryItem/47431211745349,15
