id,title,seo_title,seo_description
gid://shopify/Product/8037956976709,"Preciosa & Jablonex Extra 2-Cut Glass Chaton Rose Flatback Rhinestones 8ss – 10 Gross (1,440 pcs)",Preciosa & Jablonex Extra 2-Cut Glass Chaton Rose Flatback Rhinestones 8ss,"Preciosa & Jablonex Extra 2-Cut Glass Chaton Rose Flatback Rhinestones – 8ss Elevate your jewelry, costume, and craft projects with Preciosa & Jablonex Extra"
gid://shopify/Product/8057805340741,"Preciosa & Jablonex Extra 2-Cut Glass Chaton Rose Flatback Rhinestones 10ss – 10 Gross (1,440 pcs)",Preciosa & Jablonex Extra 2-Cut Glass Chaton Rose Flatback Rhinestones 10ss,"Preciosa & Jablonex Extra 2-Cut Glass Chaton Rose Flatback Rhinestones – 10ss Elevate your jewelry, costume, and craft projects with Preciosa & Jablonex Extra"
gid://shopify/Product/8057814515781,"Preciosa & Jablonex Extra 2-Cut Glass Chaton Rose Flatback Rhinestones 12ss – 10 Gross (1,440 pcs)",Preciosa & Jablonex Extra 2-Cut Glass Chaton Rose Flatback Rhinestones 12ss,"Preciosa & Jablonex Extra 2-Cut Glass Chaton Rose Flatback Rhinestones – 12ss Elevate your jewelry, costume, and craft projects with Preciosa & Jablonex Extra"
gid://shopify/Product/8057824280645,"Preciosa & Jablonex Extra 2-Cut Glass Chaton Rose Flatback Rhinestones 16ss – 10 Gross (1,440 pcs)",Preciosa & Jablonex Extra 2-Cut Glass Chaton Rose Flatback Rhinestones 16ss,"Preciosa & Jablonex Extra 2-Cut Glass Chaton Rose Flatback Rhinestones – 16ss Elevate your jewelry, costume, and craft projects with Preciosa & Jablonex Extra"
gid://shopify/Product/8058334281797,"Preciosa & Jablonex Extra 2-Cut Glass Chaton Rose Flatback Rhinestones 20ss – 10 Gross (1,440 pcs)",Preciosa & Jablonex Extra 2-Cut Glass Chaton Rose Flatback Rhinestones 20ss,"Preciosa & Jablonex Extra 2-Cut Glass Chaton Rose Flatback Rhinestones – 20ss Elevate your jewelry, costume, and craft projects with Preciosa & Jablonex Extra"
gid://shopify/Product/8058450149445,Preciosa & Jablonex Extra 2-Cut Glass Chaton Rose Flatback Rhinestones 30ss – 2 Gross (288 pcs),Preciosa & Jablonex Extra 2-Cut Glass Chaton Rose Flatback Rhinestones 30ss,"Preciosa & Jablonex Extra 2-Cut Glass Chaton Rose Flatback Rhinestones – 30ss Elevate your jewelry, costume, and craft projects with Preciosa & Jablonex Extra"
gid://shopify/Product/8058589118533,Preciosa & Jablonex Extra 2-Cut Glass Chaton Rose Flatback Rhinestones 34ss – 2 Gross (288 pcs),Preciosa & Jablonex Extra 2-Cut Glass Chaton Rose Flatback Rhinestones 34ss,"Preciosa & Jablonex Extra 2-Cut Glass Chaton Rose Flatback Rhinestones – 34ss Elevate your jewelry, costume, and craft projects with Preciosa & Jablonex Extra"
gid://shopify/Product/8058617069637,Preciosa & Jablonex Extra 2-Cut Glass Chaton Rose Flatback Rhinestones 40ss – 1 Gross (144 pcs),Preciosa & Jablonex Extra 2-Cut Glass Chaton Rose Flatback Rhinestones 40ss,"Preciosa & Jablonex Extra 2-Cut Glass Chaton Rose Flatback Rhinestones – 40ss Elevate your jewelry, costume, and craft projects with Preciosa & Jablonex Extra"
gid://shopify/Product/8058779238469,"Preciosa & Jablonex Hot Fix Extra 2-Cut Glass Chaton Rose Flatback Rhinestones 8ss – 10 Gross (1,440 pcs)",Preciosa & Jablonex Hot Fix Extra 2-Cut Glass Chaton Rose Flatback Rhinestones 8ss,"Preciosa & Jablonex Extra 2-Cut Glass Chaton Rose Hot Fix Flatback Rhinestones – 8ss Elevate your jewelry, costume, and craft projects with Preciosa & Jablonex"
gid://shopify/Product/8059406450757,"Preciosa & Jablonex Hot Fix Extra 2-Cut Glass Chaton Rose Flatback Rhinestones 10ss – 10 Gross (1,440 pcs)",Preciosa & Jablonex Hot Fix Extra 2-Cut Glass Chaton Rose Flatback Rhinestones 10ss,"Preciosa & Jablonex Extra 2-Cut Glass Chaton Rose Hot Fix Flatback Rhinestones – 10ss Elevate your jewelry, costume, and craft projects with Preciosa &"
gid://shopify/Product/8059896889413,"Preciosa & Jablonex Hot Fix Extra 2-Cut Glass Chaton Rose Flatback Rhinestones 12ss – 10 Gross (1,440 pcs)",Preciosa & Jablonex Hot Fix Extra 2-Cut Glass Chaton Rose Flatback Rhinestones 12ss,"Preciosa & Jablonex Extra 2-Cut Glass Chaton Rose Hot Fix Flatback Rhinestones – 12ss Elevate your jewelry, costume, and craft projects with Preciosa &"
gid://shopify/Product/8059898134597,"Preciosa & Jablonex Hot Fix Extra 2-Cut Glass Chaton Rose Flatback Rhinestones 16ss – 10 Gross (1,440 pcs)",Preciosa & Jablonex Hot Fix Extra 2-Cut Glass Chaton Rose Flatback Rhinestones 16ss,"Preciosa & Jablonex Extra 2-Cut Glass Chaton Rose Hot Fix Flatback Rhinestones – 16ss Elevate your jewelry, costume, and craft projects with Preciosa &"
gid://shopify/Product/8059902591045,"Preciosa & Jablonex Hot Fix Extra 2-Cut Glass Chaton Rose Flatback Rhinestones 20ss – 10 Gross (1,440 pcs)",Preciosa & Jablonex Hot Fix Extra 2-Cut Glass Chaton Rose Flatback Rhinestones 20ss,"Preciosa & Jablonex Extra 2-Cut Glass Chaton Rose Hot Fix Flatback Rhinestones – 20ss Elevate your jewelry, costume, and craft projects with Preciosa &"
gid://shopify/Product/8059904458821,Preciosa & Jablonex Hot Fix Extra 2-Cut Glass Chaton Rose Flatback Rhinestones 30ss – 2 Gross (288 pcs),Preciosa & Jablonex Hot Fix Extra 2-Cut Glass Chaton Rose Flatback Rhinestones 30ss,"Preciosa & Jablonex Extra 2-Cut Glass Chaton Rose Hot Fix Flatback Rhinestones – 30ss Elevate your jewelry, costume, and craft projects with Preciosa &"
gid://shopify/Product/8059905081413,Preciosa & Jablonex Hot Fix Extra 2-Cut Glass Chaton Rose Flatback Rhinestones 34ss – 2 Gross (288 pcs),Preciosa & Jablonex Hot Fix Extra 2-Cut Glass Chaton Rose Flatback Rhinestones 34ss,"Preciosa & Jablonex Extra 2-Cut Glass Chaton Rose Hot Fix Flatback Rhinestones – 34ss Elevate your jewelry, costume, and craft projects with Preciosa &"
gid://shopify/Product/8059913830469,Preciosa & Jablonex Hot Fix Extra 2-Cut Glass Chaton Rose Flatback Rhinestones 40ss – 1 Gross (144 pcs),Preciosa & Jablonex Hot Fix Extra 2-Cut Glass Chaton Rose Flatback Rhinestones 40ss,"Preciosa & Jablonex Extra 2-Cut Glass Chaton Rose Hot Fix Flatback Rhinestones – 40ss Elevate your jewelry, costume, and craft projects with Preciosa &"
gid://shopify/Product/8066487386181,"FACETED CZECH GLASS FIRE POLISHED MULTI COLOR BEADS (CRYSTAL, SAPPHIRE & ERINITE)","Faceted Czech Glass Fire Polished Multi Color Beads (Crystal, Sapphire & Erinite)",Premium faceted Czech glass beads with a brilliant fire polished finish that catches light beautifully.
gid://shopify/Product/8067161522245,FACETED CZECH GLASS FIRE POLISHED MULTI COLOR BEADS (CRYSTAL & AQUAMARINE),Faceted Czech Glass Fire Polished Multi Color Beads (Crystal & Aquamarine),Premium faceted Czech glass beads with a brilliant fire polished finish that catches light beautifully.
gid://shopify/Product/8067213262917,"FACETED CZECH GLASS FIRE POLISHED MULTI COLOR BEADS (CRYSTAL, TOPAZ & SMOKE TOPAZ)","Faceted Czech Glass Fire Polished Multi Color Beads (Crystal, Topaz & Smoke Topaz)",Premium faceted Czech glass beads with a brilliant fire polished finish that catches light beautifully.
gid://shopify/Product/8067418357829,"FACETED CZECH GLASS FIRE POLISHED MULTI COLOR BEADS (CRYSTAL, AQUA & TOPAZ)","Faceted Czech Glass Fire Polished Multi Color Beads (Crystal, Aqua & Topaz)",Premium faceted Czech glass beads with a brilliant fire polished finish that catches light beautifully.
gid://shopify/Product/8068399169605,"FACETED CZECH GLASS FIRE POLISHED MULTI COLOR BEADS (CRYSTAL, ERINITE & LIGHT SIAM)","Faceted Czech Glass Fire Polished Multi Color Beads (Crystal, Erinite & Light Siam)",Premium faceted Czech glass beads with a brilliant fire polished finish that catches light beautifully.
gid://shopify/Product/8068403888197,"FACETED CZECH GLASS FIRE POLISHED MULTI COLOR BEADS (CRYSTAL, TOPAZ & SIAM RUBY)","Faceted Czech Glass Fire Polished Multi Color Beads (Crystal, Topaz & Siam Ruby)",Premium faceted Czech glass beads with a brilliant fire polished finish that catches light beautifully.
gid://shopify/Product/8068481056837,"FACETED CZECH GLASS FIRE POLISHED MULTI COLOR BEADS (CRYSTAL, SAPPHIRE & GARNET)","Faceted Czech Glass Fire Polished Multi Color Beads (Crystal, Sapphire & Garnet)",Premium faceted Czech glass beads with a brilliant fire polished finish that catches light beautifully.
gid://shopify/Product/8068484137029,"FACETED CZECH GLASS FIRE POLISHED MULTI COLOR BEADS (CRYSTAL, CITRINE & ROSE)","Faceted Czech Glass Fire Polished Multi Color Beads (Crystal, Citrine & Rose)",Premium faceted Czech glass beads with a brilliant fire polished finish that catches light beautifully.
gid://shopify/Product/8068622712901,"FACETED CZECH GLASS FIRE POLISHED MULTI COLOR BEADS (CRYSTAL, SAPPHIRE & LIGHT AMETHYST)","Faceted Czech Glass Fire Polished Multi Color Beads (Crystal, Sapphire & Light Amethyst)",Premium faceted Czech glass beads with a brilliant fire polished finish that catches light beautifully.
gid://shopify/Product/8068758110277,"FACETED CZECH GLASS FIRE POLISHED MULTI COLOR BEADS (CRYSTAL, AQUA & AMBER)","Faceted Czech Glass Fire Polished Multi Color Beads (Crystal, Aqua & Amber)",Premium faceted Czech glass beads with a brilliant fire polished finish that catches light beautifully.
gid://shopify/Product/8068764663877,"FACETED CZECH GLASS FIRE POLISHED MULTI COLOR BEADS (CRYSTAL, EMERALD & GRAPE)","Faceted Czech Glass Fire Polished Multi Color Beads (Crystal, Emerald & Grape)",Premium faceted Czech glass beads with a brilliant fire polished finish that catches light beautifully.
gid://shopify/Product/8068781801541,"FACETED CZECH GLASS FIRE POLISHED MULTI COLOR BEADS (CRYSTAL, AMBER, RUBY)","Faceted Czech Glass Fire Polished Multi Color Beads (Crystal, Amber, Ruby)",Premium faceted Czech glass beads with a brilliant fire polished finish that catches light beautifully.
gid://shopify/Product/8068783669317,"FACETED CZECH GLASS FIRE POLISHED MULTI COLOR BEADS (CRYSTAL, AQUA & SPEARMINT)","Faceted Czech Glass Fire Polished Multi Color Beads (Crystal, Aqua & Spearmint)",Premium faceted Czech glass beads with a brilliant fire polished finish that catches light beautifully.
gid://shopify/Product/8068804214853,"FACETED CZECH GLASS FIRE POLISHED MULTI COLOR BEADS (CRYSTAL, SAPPHIRE & AQUA)","Faceted Czech Glass Fire Polished Multi Color Beads (Crystal, Sapphire & Aqua)",Premium faceted Czech glass beads with a brilliant fire polished finish that catches light beautifully.
gid://shopify/Product/8068864049221,"FACETED CZECH GLASS FIRE POLISHED MULTI COLOR BEADS (CRYSTAL, FUCHSIA & AQUA)","Faceted Czech Glass Fire Polished Multi Color Beads (Crystal, Fuchsia & Aqua)",Premium faceted Czech glass beads with a brilliant fire polished finish that catches light beautifully.
gid://shopify/Product/8068870504517,"FACETED CZECH GLASS FIRE POLISHED MULTI COLOR BEADS (CRYSTAL, AMBER & PINK)","Faceted Czech Glass Fire Polished Multi Color Beads (Crystal, Amber & Pink)",Premium faceted Czech glass beads with a brilliant fire polished finish that catches light beautifully.
gid://shopify/Product/8068891148357,"FACETED CZECH GLASS FIRE POLISHED MULTI COLOR BEADS (CRYSTAL, PINK & FUCHSIA)","Faceted Czech Glass Fire Polished Multi Color Beads (Crystal, Pink & Fuchsia)",Premium faceted Czech glass beads with a brilliant fire polished finish that catches light beautifully.
gid://shopify/Product/8068903043141,"FACETED CZECH GLASS FIRE POLISHED MULTI COLOR BEADS (CRYSTAL, PADPARADSCHA & LIGHT AMETHYST)","Faceted Czech Glass Fire Polished Multi Color Beads (Crystal, Padparadscha & Light Amethyst)",Premium faceted Czech glass beads with a brilliant fire polished finish that catches light beautifully.
gid://shopify/Product/8068911071301,"FACETED CZECH GLASS FIRE POLISHED MULTI COLOR BEADS (CRYSTAL, LIGHT AMETHYST & GRAPE)","Faceted Czech Glass Fire Polished Multi Color Beads (Crystal, Light Amethyst & Grape)",Premium faceted Czech glass beads with a brilliant fire polished finish that catches light beautifully.
gid://shopify/Product/8068915593285,FACETED CZECH GLASS FIRE POLISHED MULTI COLOR BEADS (ART GLASS CRYSTAL SWIRL),Faceted Czech Glass Fire Polished Multi Color Beads (Art Glass Crystal Swirl),Premium faceted Czech glass beads with a brilliant fire polished finish that catches light beautifully.
gid://shopify/Product/8068917100613,FACETED CZECH GLASS FIRE POLISHED MULTI COLOR BEADS (TORTOISE SHELL GLASS),Faceted Czech Glass Fire Polished Multi Color Beads (Tortoise Shell Glass),Premium faceted Czech glass beads with a brilliant fire polished finish that catches light beautifully.
gid://shopify/Product/8069879955525,FACETED CZECH GLASS FIRE POLISHED  AGATE COLOR BEADS - GOLDEN HORN - MOCHA AGATE,Faceted Czech Glass Fire Polished Agate Color Beads - Golden Horn - Mocha Agate,Faceted Czech Glass Fire Polished Agate Color Beads Golden Horn - MOCHA AGATE Premium Czech glass fire polished beads in an agate color GOLDEN HORN - MOCHA
gid://shopify/Product/8070054379589,FACETED CZECH GLASS FIRE POLISHED  AGATE COLOR BEADS - GREY HORN AGATE,Faceted Czech Glass Fire Polished Agate Color Beads - Grey Horn Agate,Faceted Czech Glass Fire Polished Agate Color Beads Grey Horn Agate Premium Czech glass fire polished beads in an agate color Grey Horn Agate.
gid://shopify/Product/8070055723077,FACETED CZECH GLASS FIRE POLISHED  AGATE COLOR BEADS - BURNT HORN - TIGER EYE,Faceted Czech Glass Fire Polished Agate Color Beads - Burnt Horn - Tiger Eye,Faceted Czech Glass Fire Polished Agate Color Beads Burnt Horn - TIGER EYE Premium Czech glass fire polished beads in an agate color BURNT HORN - TIGER EYE.
gid://shopify/Product/8070068830277,FACETED CZECH GLASS FIRE POLISHED  AGATE COLOR BEADS - BLUE AGATE - SODALITE,Faceted Czech Glass Fire Polished Agate Color Beads - Blue Agate - Sodalite,Faceted Czech Glass Fire Polished Agate Color Beads Blue Agate - SODALITE Premium Czech glass fire polished beads in an agate color BLUE AGATE - SODALITE.
gid://shopify/Product/8070078103621,FACETED CZECH GLASS FIRE POLISHED  AGATE COLOR BEADS - GREEN AGATE - MALACHITE,Faceted Czech Glass Fire Polished Agate Color Beads - Green Agate - Malachite,Faceted Czech Glass Fire Polished Agate Color Beads Green Agate - MALACHITE Premium Czech glass fire polished beads in an agate color GREEN AGATE - MALACHITE .
gid://shopify/Product/8070078791749,FACETED CZECH GLASS FIRE POLISHED  AGATE COLOR BEADS - BLUE TURQUOISE WITH BLACK MATRIX,Faceted Czech Glass Fire Polished Agate Color Beads - Blue Turquoise With Black Matrix,Faceted Czech Glass Fire Polished Agate Color Beads Blue Turquoise With Black Matrix Premium Czech glass fire polished beads in an agate color Blue Turquoise
gid://shopify/Product/8070079184965,FACETED CZECH GLASS FIRE POLISHED  AGATE COLOR BEADS - BROWN HORN AGATE,Faceted Czech Glass Fire Polished Agate Color Beads - Brown Horn Agate,Faceted Czech Glass Fire Polished Agate Color Beads Brown Horn Agate Premium Czech glass fire polished beads in an agate color Brown Horn Agate .
gid://shopify/Product/8074287644741,FACETED CZECH GLASS FIRE POLISHED BEADS  - DARK TOPAZ WITH HALF SILVER COATING,Faceted Czech Glass Fire Polished Beads - Dark Topaz With Half Silver Coating,Premium Czech glass fire polished beads in color Dark Topaz With Half Silver Coating.
gid://shopify/Product/8074758586437,FACETED CZECH GLASS FIRE POLISHED BEADS  - AMETHYST WITH HALF SILVER COATING,Faceted Czech Glass Fire Polished Beads - Amethyst With Half Silver Coating,Premium Czech glass fire polished beads in color Amethyst With Half Silver Coating.
gid://shopify/Product/8074764189765,FACETED CZECH GLASS FIRE POLISHED BEADS  - COBALT WITH HALF SILVER COATING,Faceted Czech Glass Fire Polished Beads - Cobalt With Half Silver Coating,Premium Czech glass fire polished beads in color Cobalt With Half Silver Coating .
gid://shopify/Product/8074765631557,FACETED CZECH GLASS FIRE POLISHED BEADS  - SMOKE GREY WITH HALF SILVER COATING,Faceted Czech Glass Fire Polished Beads - Smoke Grey With Half Silver Coating,Premium Czech glass fire polished beads in color Smoke Grey With Half Silver Coating .
gid://shopify/Product/8074771988549,FACETED CZECH GLASS FIRE POLISHED BEADS  - OLIVINE WITH HALF SILVER COATING,Faceted Czech Glass Fire Polished Beads - Olivine With Half Silver Coating,Premium Czech glass fire polished beads in color Olivine With Half Silver Coating .
gid://shopify/Product/8074772480069,FACETED CZECH GLASS FIRE POLISHED BEADS  - DARK AQUA WITH HALF SILVER COATING,Faceted Czech Glass Fire Polished Beads - Dark Aqua With Half Silver Coating,Premium Czech glass fire polished beads in color Dark Aqua With Half Silver Coating .
gid://shopify/Product/8074772709445,FACETED CZECH GLASS FIRE POLISHED BEADS  - BLUE ZIRCON WITH HALF SILVER COATING,Faceted Czech Glass Fire Polished Beads - Blue Zircon With Half Silver Coating,Premium Czech glass fire polished beads in color Blue Zircon With Half Silver Coating .
gid://shopify/Product/8074772873285,FACETED CZECH GLASS FIRE POLISHED BEADS  - LIGHT SIAM RUBY WITH HALF SILVER COATING,Faceted Czech Glass Fire Polished Beads - Light Siam Ruby With Half Silver Coating,Premium Czech glass fire polished beads in color Light Siam Ruby With Half Silver Coating .
gid://shopify/Product/8074773135429,FACETED CZECH GLASS FIRE POLISHED BEADS  - SIAM RUBY WITH HALF SILVER COATING,Faceted Czech Glass Fire Polished Beads - Siam Ruby With Half Silver Coating,Premium Czech glass fire polished beads in color Siam Ruby With Half Silver Coating .
gid://shopify/Product/8074773856325,FACETED CZECH GLASS FIRE POLISHED BEADS  - CRYSTAL WITH HALF SILVER COATING,Faceted Czech Glass Fire Polished Beads - Crystal With Half Silver Coating,Premium Czech glass fire polished beads in color Crystal With Half Silver Coating .
gid://shopify/Product/8075885543493,3 CUT 9/0 LIGHT TOPAZ TRANSPARENT LUSTER PRECIOSA ORNELA BEADS,3 Cut 9/0 Light Topaz Transparent Luster Preciosa Ornela Beads,"Preciosa Ornela Three-Cuts Made In The Czech Republic Premium Czech glass beads crafted by Preciosa Ornela, a leader in quality glass bead manufacturing."
gid://shopify/Product/8077739950149,3 CUT 9/0 TOPAZ TRANSPARENT LUSTER PRECIOSA ORNELA BEADS,3 Cut 9/0 Topaz Transparent Luster Preciosa Ornela Beads,"Preciosa Ornela Three-Cuts Made In The Czech Republic Premium Czech glass beads crafted by Preciosa Ornela, a leader in quality glass bead manufacturing."
gid://shopify/Product/8078057865285,3 CUT 9/0 DARK TOPAZ TRANSPARENT LUSTER PRECIOSA ORNELA BEADS,3 Cut 9/0 Dark Topaz Transparent Luster Preciosa Ornela Beads,"Preciosa Ornela Three-Cuts Made In The Czech Republic Premium Czech glass beads crafted by Preciosa Ornela, a leader in quality glass bead manufacturing."
gid://shopify/Product/8078070349893,3 CUT 9/0 SMOKE TOPAZ TRANSPARENT LUSTER PRECIOSA ORNELA BEADS,3 Cut 9/0 Smoke Topaz Transparent Luster Preciosa Ornela Beads,"Preciosa Ornela Three-Cuts Made In The Czech Republic Premium Czech glass beads crafted by Preciosa Ornela, a leader in quality glass bead manufacturing."
gid://shopify/Product/8078109835333,3 CUT 9/0 AMETHYST TRANSPARENT LUSTER PRECIOSA ORNELA BEADS,3 Cut 9/0 Amethyst Transparent Luster Preciosa Ornela Beads,"Preciosa Ornela Three-Cuts Made In The Czech Republic Premium Czech glass beads crafted by Preciosa Ornela, a leader in quality glass bead manufacturing."
gid://shopify/Product/8078121730117,3 CUT 9/0 LIGHT SAPPHIRE TRANSPARENT LUSTER PRECIOSA ORNELA BEADS,3 Cut 9/0 Light Sapphire Transparent Luster Preciosa Ornela Beads,"Preciosa Ornela Three-Cuts Made In The Czech Republic Premium Czech glass beads crafted by Preciosa Ornela, a leader in quality glass bead manufacturing."
gid://shopify/Product/8078139195461,3 CUT 9/0 SAPPHIRE TRANSPARENT LUSTER PRECIOSA ORNELA BEADS,3 Cut 9/0 Sapphire Transparent Luster Preciosa Ornela Beads,"Preciosa Ornela Three-Cuts Made In The Czech Republic Premium Czech glass beads crafted by Preciosa Ornela, a leader in quality glass bead manufacturing."
gid://shopify/Product/8078146666565,3 CUT 9/0 DARK SAPPHIRE TRANSPARENT LUSTER PRECIOSA ORNELA BEADS,3 Cut 9/0 Dark Sapphire Transparent Luster Preciosa Ornela Beads,"Preciosa Ornela Three-Cuts Made In The Czech Republic Premium Czech glass beads crafted by Preciosa Ornela, a leader in quality glass bead manufacturing."
gid://shopify/Product/8078173044805,3 CUT 9/0 COBALT TRANSPARENT LUSTER PRECIOSA ORNELA BEADS,3 Cut 9/0 Cobalt Transparent Luster Preciosa Ornela Beads,"Preciosa Ornela Three-Cuts Made In The Czech Republic Premium Czech glass beads crafted by Preciosa Ornela, a leader in quality glass bead manufacturing."
gid://shopify/Product/8078179598405,3 CUT 9/0 SMOKE GREY TRANSPARENT LUSTER PRECIOSA ORNELA BEADS,3 Cut 9/0 Smoke Grey Transparent Luster Preciosa Ornela Beads,"Preciosa Ornela Three-Cuts Made In The Czech Republic Premium Czech glass beads crafted by Preciosa Ornela, a leader in quality glass bead manufacturing."
gid://shopify/Product/8078188052549,3 CUT 9/0 CRYSTAL TRANSPARENT LUSTER PRECIOSA ORNELA BEADS,3 Cut 9/0 Crystal Transparent Luster Preciosa Ornela Beads,"Preciosa Ornela Three-Cuts Made In The Czech Republic Premium Czech glass beads crafted by Preciosa Ornela, a leader in quality glass bead manufacturing."
gid://shopify/Product/8078194966597,3 CUT 9/0 GREEN TRANSPARENT LUSTER PRECIOSA ORNELA BEADS,3 Cut 9/0 Green Transparent Luster Preciosa Ornela Beads,"Preciosa Ornela Three-Cuts Made In The Czech Republic Premium Czech glass beads crafted by Preciosa Ornela, a leader in quality glass bead manufacturing."
gid://shopify/Product/8078199685189,3 CUT 9/0 FOREST GREEN  TRANSPARENT LUSTER PRECIOSA ORNELA BEADS,3 Cut 9/0 Forest Green Transparent Luster Preciosa Ornela Beads,"Preciosa Ornela Three-Cuts Made In The Czech Republic Premium Czech glass beads crafted by Preciosa Ornela, a leader in quality glass bead manufacturing."
gid://shopify/Product/8078482374725,3 CUT 9/0 AQUA TRANSPARENT LUSTER PRECIOSA ORNELA BEADS,3 Cut 9/0 Aqua Transparent Luster Preciosa Ornela Beads,"Preciosa Ornela Three-Cuts Made In The Czech Republic Premium Czech glass beads crafted by Preciosa Ornela, a leader in quality glass bead manufacturing."
gid://shopify/Product/8078490239045,3 CUT 9/0 MONTANA TRANSPARENT LUSTER PRECIOSA ORNELA BEADS,3 Cut 9/0 Montana Transparent Luster Preciosa Ornela Beads,"Preciosa Ornela Three-Cuts Made In The Czech Republic Premium Czech glass beads crafted by Preciosa Ornela, a leader in quality glass bead manufacturing."
gid://shopify/Product/8078496563269,3 CUT 9/0 CAPRI BLUE TRANSPARENT LUSTER PRECIOSA ORNELA BEADS,3 Cut 9/0 Capri Blue Transparent Luster Preciosa Ornela Beads,"Preciosa Ornela Three-Cuts Made In The Czech Republic Premium Czech glass beads crafted by Preciosa Ornela, a leader in quality glass bead manufacturing."
gid://shopify/Product/8078504132677,3 CUT 9/0 HYACINTH TRANSPARENT LUSTER PRECIOSA ORNELA BEADS,3 Cut 9/0 Hyacinth Transparent Luster Preciosa Ornela Beads,"Preciosa Ornela Three-Cuts Made In The Czech Republic Premium Czech glass beads crafted by Preciosa Ornela, a leader in quality glass bead manufacturing."
gid://shopify/Product/8078509277253,3 CUT 9/0 LIGHT SIAM RUBY TRANSPARENT LUSTER PRECIOSA ORNELA BEADS,3 Cut 9/0 Light Siam Ruby Transparent Luster Preciosa Ornela Beads,"Preciosa Ornela Three-Cuts Made In The Czech Republic Premium Czech glass beads crafted by Preciosa Ornela, a leader in quality glass bead manufacturing."
gid://shopify/Product/8078514061381,3 CUT 9/0 SIAM RUBY TRANSPARENT LUSTER PRECIOSA ORNELA BEADS,3 Cut 9/0 Siam Ruby Transparent Luster Preciosa Ornela Beads,"Preciosa Ornela Three-Cuts Made In The Czech Republic Premium Czech glass beads crafted by Preciosa Ornela, a leader in quality glass bead manufacturing."
gid://shopify/Product/8078532116549,3 CUT 9/0 GARNET TRANSPARENT LUSTER PRECIOSA ORNELA BEADS,3 Cut 9/0 Garnet Transparent Luster Preciosa Ornela Beads,"Preciosa Ornela Three-Cuts Made In The Czech Republic Premium Czech glass beads crafted by Preciosa Ornela, a leader in quality glass bead manufacturing."
gid://shopify/Product/8080126607429,3 CUT 9/0 GOLD TRANSPARENT SILVER LINED PRECIOSA ORNELA BEADS,3 Cut 9/0 Gold Transparent Silver Lined Preciosa Ornela Beads,"Preciosa Ornela Three-Cuts Made In The Czech Republic Premium Czech glass beads crafted by Preciosa Ornela, a leader in quality glass bead manufacturing."
gid://shopify/Product/8080138240069,3 CUT 9/0 DARK TOPAZ TRANSPARENT SILVER LINED PRECIOSA ORNELA BEADS,3 Cut 9/0 Dark Topaz Transparent Silver Lined Preciosa Ornela Beads,"Preciosa Ornela Three-Cuts Made In The Czech Republic Premium Czech glass beads crafted by Preciosa Ornela, a leader in quality glass bead manufacturing."
gid://shopify/Product/8099579166789,3 CUT 9/0 CITRINE TRANSPARENT LUSTER PRECIOSA ORNELA BEADS,3 Cut 9/0 Citrine Transparent Luster Preciosa Ornela Beads,"Preciosa Ornela Three-Cuts Made In The Czech Republic Premium Czech glass beads crafted by Preciosa Ornela, a leader in quality glass bead manufacturing."
gid://shopify/Product/8099798843461,3 CUT 9/0 SMOKE TOPAZ TRANSPARENT SILVER LINED PRECIOSA ORNELA BEADS,3 Cut 9/0 Smoke Topaz Transparent Silver Lined Preciosa Ornela Beads,"Preciosa Ornela Three-Cuts Made In The Czech Republic Premium Czech glass beads crafted by Preciosa Ornela, a leader in quality glass bead manufacturing."
gid://shopify/Product/8099809787973,3 CUT 9/0 LIGHT AMETHYST TRANSPARENT SILVER LINED PRECIOSA ORNELA BEADS,3 Cut 9/0 Light Amethyst Transparent Silver Lined Preciosa Ornela Beads,"Preciosa Ornela Three-Cuts Made In The Czech Republic Premium Czech glass beads crafted by Preciosa Ornela, a leader in quality glass bead manufacturing."
gid://shopify/Product/8099825156165,3 CUT 9/0 AMETHYST TRANSPARENT SILVER LINED PRECIOSA ORNELA BEADS,3 Cut 9/0 Amethyst Transparent Silver Lined Preciosa Ornela Beads,"Preciosa Ornela Three-Cuts Made In The Czech Republic Premium Czech glass beads crafted by Preciosa Ornela, a leader in quality glass bead manufacturing."
gid://shopify/Product/8099864641605,3 CUT 9/0 LIGHT SAPPHIRE TRANSPARENT SILVER LINED PRECIOSA ORNELA BEADS,3 Cut 9/0 Light Sapphire Transparent Silver Lined Preciosa Ornela Beads,"Preciosa Ornela Three-Cuts Made In The Czech Republic Premium Czech glass beads crafted by Preciosa Ornela, a leader in quality glass bead manufacturing."
gid://shopify/Product/8099867623493,3 CUT 9/0 SAPPHIRE TRANSPARENT SILVER LINED PRECIOSA ORNELA BEADS,3 Cut 9/0 Sapphire Transparent Silver Lined Preciosa Ornela Beads,"Preciosa Ornela Three-Cuts Made In The Czech Republic Premium Czech glass beads crafted by Preciosa Ornela, a leader in quality glass bead manufacturing."
gid://shopify/Product/8099870703685,3 CUT 9/0 COBALT TRANSPARENT SILVER LINED PRECIOSA ORNELA BEADS,3 Cut 9/0 Cobalt Transparent Silver Lined Preciosa Ornela Beads,"Preciosa Ornela Three-Cuts Made In The Czech Republic Premium Czech glass beads crafted by Preciosa Ornela, a leader in quality glass bead manufacturing."
gid://shopify/Product/8102348193861,3 CUT 9/0 PERIDOT TRANSPARENT SILVER LINED PRECIOSA ORNELA BEADS,3 Cut 9/0 Peridot Transparent Silver Lined Preciosa Ornela Beads,"Preciosa Ornela Three-Cuts Made In The Czech Republic Premium Czech glass beads crafted by Preciosa Ornela, a leader in quality glass bead manufacturing."
gid://shopify/Product/8102350028869,3 CUT 9/0 FOREST GREEN TRANSPARENT SILVER LINED PRECIOSA ORNELA BEADS,3 Cut 9/0 Forest Green Transparent Silver Lined Preciosa Ornela Beads,"Preciosa Ornela Three-Cuts Made In The Czech Republic Premium Czech glass beads crafted by Preciosa Ornela, a leader in quality glass bead manufacturing."
gid://shopify/Product/8102350913605,3 CUT 9/0 LIGHT AQUA TRANSPARENT SILVER LINED PRECIOSA ORNELA BEADS,3 Cut 9/0 Light Aqua Transparent Silver Lined Preciosa Ornela Beads,"Preciosa Ornela Three-Cuts Made In The Czech Republic Premium Czech glass beads crafted by Preciosa Ornela, a leader in quality glass bead manufacturing."
gid://shopify/Product/8102351831109,3 CUT 9/0 AQUAMARINE TRANSPARENT SILVER LINED PRECIOSA ORNELA BEADS,3 Cut 9/0 Aquamarine Transparent Silver Lined Preciosa Ornela Beads,"Preciosa Ornela Three-Cuts Made In The Czech Republic Premium Czech glass beads crafted by Preciosa Ornela, a leader in quality glass bead manufacturing."
gid://shopify/Product/8102353109061,3 CUT 9/0 DARK AQUA TRANSPARENT SILVER LINED PRECIOSA ORNELA BEADS,3 Cut 9/0 Dark Aqua Transparent Silver Lined Preciosa Ornela Beads,"Preciosa Ornela Three-Cuts Made In The Czech Republic Premium Czech glass beads crafted by Preciosa Ornela, a leader in quality glass bead manufacturing."
gid://shopify/Product/8102353993797,3 CUT 9/0 LIGHT BLUE ZIRCON TRANSPARENT SILVER LINED PRECIOSA ORNELA BEADS,3 Cut 9/0 Light Blue Zircon Transparent Silver Lined Preciosa Ornela Beads,"Preciosa Ornela Three-Cuts Made In The Czech Republic Premium Czech glass beads crafted by Preciosa Ornela, a leader in quality glass bead manufacturing."
gid://shopify/Product/8102354944069,3 CUT 9/0 BLUE ZIRCON TRANSPARENT SILVER LINED PRECIOSA ORNELA BEADS,3 Cut 9/0 Blue Zircon Transparent Silver Lined Preciosa Ornela Beads,"Preciosa Ornela Three-Cuts Made In The Czech Republic Premium Czech glass beads crafted by Preciosa Ornela, a leader in quality glass bead manufacturing."
gid://shopify/Product/8102355796037,3 CUT 9/0 CRYSTAL TRANSPARENT SILVER LINED PRECIOSA ORNELA BEADS,3 Cut 9/0 Crystal Transparent Silver Lined Preciosa Ornela Beads,"Preciosa Ornela Three-Cuts Made In The Czech Republic Premium Czech glass beads crafted by Preciosa Ornela, a leader in quality glass bead manufacturing."
gid://shopify/Product/8108505628741,3 CUT 9/0 CITRINE TRANSPARENT SILVER LINED PRECIOSA ORNELA BEADS,3 Cut 9/0 Citrine Transparent Silver Lined Preciosa Ornela Beads,"Preciosa Ornela Three-Cuts Made In The Czech Republic Premium Czech glass beads crafted by Preciosa Ornela, a leader in quality glass bead manufacturing."
gid://shopify/Product/8108507332677,3 CUT 9/0 MANGO TRANSPARENT SILVER LINED PRECIOSA ORNELA BEADS,3 Cut 9/0 Mango Transparent Silver Lined Preciosa Ornela Beads,"Preciosa Ornela Three-Cuts Made In The Czech Republic Premium Czech glass beads crafted by Preciosa Ornela, a leader in quality glass bead manufacturing."
gid://shopify/Product/8108510281797,3 CUT 9/0 HYACINTH TRANSPARENT SILVER LINED  PRECIOSA ORNELA BEADS,3 Cut 9/0 Hyacinth Transparent Silver Lined Preciosa Ornela Beads,"Preciosa Ornela Three-Cuts Made In The Czech Republic Premium Czech glass beads crafted by Preciosa Ornela, a leader in quality glass bead manufacturing."
gid://shopify/Product/8108516835397,3 CUT 9/0 LIGHT SIAM RUBY TRANSPARENT SILVER LINED PRECIOSA ORNELA BEADS,3 Cut 9/0 Light Siam Ruby Transparent Silver Lined Preciosa Ornela Beads,"Preciosa Ornela Three-Cuts Made In The Czech Republic Premium Czech glass beads crafted by Preciosa Ornela, a leader in quality glass bead manufacturing."
gid://shopify/Product/8108520472645,3 CUT 9/0 SIAM RUBY TRANSPARENT SILVER LINED PRECIOSA ORNELA BEADS,3 Cut 9/0 Siam Ruby Transparent Silver Lined Preciosa Ornela Beads,"Preciosa Ornela Three-Cuts Made In The Czech Republic Premium Czech glass beads crafted by Preciosa Ornela, a leader in quality glass bead manufacturing."
gid://shopify/Product/8108553470021,3 CUT 9/0 GARNET TRANSPARENT SILVER LINED PRECIOSA ORNELA BEADS,3 Cut 9/0 Garnet Transparent Silver Lined Preciosa Ornela Beads,"Preciosa Ornela Three-Cuts Made In The Czech Republic Premium Czech glass beads crafted by Preciosa Ornela, a leader in quality glass bead manufacturing."
gid://shopify/Product/8108561039429,3 CUT 9/0 SILVER METALLIC PRECIOSA ORNELA BEADS,3 Cut 9/0 Silver Metallic Preciosa Ornela Beads,"Preciosa Ornela Three-Cuts Made In The Czech Republic Premium Czech glass beads crafted by Preciosa Ornela, a leader in quality glass bead manufacturing."
gid://shopify/Product/8113429676101,Vintage Western German Plexy Faceted Beads - OLIVINE AB,Vintage Western German Plexy Faceted Beads - OLIVINE AB,Vintage Western German Plexy Faceted Beads in stunning Olivine AB — a classic choice for jewelry makers and beading enthusiasts.
gid://shopify/Product/8115429113925,Vintage Western German Plexy Faceted Beads - FUCHSIA AB,Vintage Western German Plexy Faceted Beads - FUCHSIA AB,Vintage Western German Plexy Faceted Beads in stunning FUCHSIA AB — a classic choice for jewelry makers and beading enthusiasts.
gid://shopify/Product/8115434520645,CZECH RHINESTONE RONDELLES - CRYSTAL/SILVER,Czech Rhinestone Rondelles - Crystal/Silver,Czech Rhinestone Rondelles in stunning CRYSTAL/SILVER Premium quality Czech rhinestone rondelles featuring a sparkly brilliant Czech Machine Cut Crystal
gid://shopify/Product/8121788203077,Vintage Western German Plexy Faceted Beads - PLUM AB,Vintage Western German Plexy Faceted Beads - PLUM AB,Vintage Western German Plexy Faceted Beads in stunning PLUM AB — a classic choice for jewelry makers and beading enthusiasts.
gid://shopify/Product/8121793871941,Vintage Western German Plexy Faceted Beads - ROYAL BLUE AB,Vintage Western German Plexy Faceted Beads - ROYAL BLUE AB,Vintage Western German Plexy Faceted Beads in stunning Royal Blue AB — a classic choice for jewelry makers and beading enthusiasts.
gid://shopify/Product/8121810092101,Vintage Western German Plexy Faceted Beads - SMOKE TOPAZ AB,Vintage Western German Plexy Faceted Beads - SMOKE TOPAZ AB,Vintage Western German Plexy Faceted Beads in stunning Smoke Topaz AB — a classic choice for jewelry makers and beading enthusiasts.
gid://shopify/Product/8121821397061,Vintage Western German Plexy Beads - IVORY POWDERED WITH GOLD RUFFLE,Vintage Western German Plexy Beads - IVORY POWDERED WITH GOLD RUFFLE,Vintage Western German Plexy Beads in stunning Ivory Powdered With Gold Ruffle — a classic choice for jewelry makers and beading enthusiasts.
gid://shopify/Product/8122127974469,Vintage Western German Plexy Beads - LIGHT BLUE POWDERED  WITH GOLD RUFFLE,Vintage Western German Plexy Beads - LIGHT BLUE POWDERED WITH GOLD RUFFLE,Vintage Western German Plexy Beads in stunning Light Blue Powdered With Gold Ruffle — a classic choice for jewelry makers and beading enthusiasts.
gid://shopify/Product/8122133413957,Vintage Western German Plexy Beads - LIGHT GREEN WITH GOLD RUFFLE,Vintage Western German Plexy Beads - LIGHT GREEN WITH GOLD RUFFLE,Vintage Western German Plexy Beads in stunning Light Green With Gold Ruffle — a classic choice for jewelry makers and beading enthusiasts.
gid://shopify/Product/8122140098629,Vintage Western German Plexy Beads - PINK WITH GOLD RUFFLE,Vintage Western German Plexy Beads - PINK WITH GOLD RUFFLE,Vintage Western German Plexy Beads in stunning Pink With Gold Ruffle — a classic choice for jewelry makers and beading enthusiasts.
gid://shopify/Product/8122151567429,Vintage Western German Plexy Beads - SOFT BLACK RUFFLE,Vintage Western German Plexy Beads - SOFT BLACK RUFFLE,Vintage Western German Plexy Beads in stunning Soft Black Ruffle — a classic choice for jewelry makers and beading enthusiasts.
gid://shopify/Product/8122156187717,Vintage Western German Plexy Beads - SOFT GOLD RUFFLE,Vintage Western German Plexy Beads - SOFT GOLD RUFFLE,Vintage Western German Plexy Beads in stunning Soft Gold Ruffle — a classic choice for jewelry makers and beading enthusiasts.
gid://shopify/Product/8122232897605,CZECH RHINESTONE RONDELLES - CRYSTAL/GOLD,Czech Rhinestone Rondelles - Crystal/Gold,Czech Rhinestone Rondelles in stunning CRYSTAL/GOLD Premium quality Czech rhinestone rondelles featuring a sparkly brilliant Czech Machine Cut Crystal Quality
gid://shopify/Product/8122254819397,CZECH RHINESTONE RONDELLES - CRYSTAL AB / SILVER,Czech Rhinestone Rondelles - Crystal AB / Silver,Czech Rhinestone Rondelles in stunning CRYSTAL AB / SILVER Premium quality Czech rhinestone rondelles featuring a sparkly brilliant Czech Machine Cut Crystal
gid://shopify/Product/8122283688005,CZECH RHINESTONE RONDELLES - CRYSTAL AB / GOLD,Czech Rhinestone Rondelles - Crystal AB / Gold,Czech Rhinestone Rondelles in stunning CRYSTAL AB / GOLD Premium quality Czech rhinestone rondelles featuring a sparkly brilliant Czech Machine Cut Crystal
gid://shopify/Product/8123418280005,VINTAGE PRECIOSA CRYSTAL 64 FACETED ROUND BEADS - CRYSTAL AB,Vintage Preciosa Crystal 64 Faceted Round Beads - Crystal AB,Vintage Preciosa Crystal 64 Faceted Round Beads Vintage Genuine Czech Crystal in stunning CRYSTAL AB — a classic choice for jewelry makers and beading
gid://shopify/Product/8123634384965,VINTAGE PRECIOSA CRYSTAL 64 FACETED ROUND BEADS - CRYSTAL,Vintage Preciosa Crystal 64 Faceted Round Beads - Crystal,Vintage Preciosa Crystal 64 Faceted Round Beads Vintage Genuine Czech Crystal in stunning CRYSTAL — a classic choice for jewelry makers and beading
gid://shopify/Product/8123648737349,VINTAGE PRECIOSA CRYSTAL 16 FACETED BICONE BEADS - CRYSTAL,Vintage Preciosa Crystal 16 Faceted Bicone Beads - Crystal,Vintage Preciosa Crystal 16 Faceted Bicone Beads Vintage Genuine Czech Crystal in stunning CRYSTAL — a classic choice for jewelry makers and beading
gid://shopify/Product/8123662008389,VINTAGE PRECIOSA CRYSTAL 16 FACETED BICONE BEADS - CRYSTAL AB,Vintage Preciosa Crystal 16 Faceted Bicone Beads - Crystal AB,Vintage Preciosa Crystal 16 Faceted Bicone Beads Vintage Genuine Czech Crystal in stunning CRYSTAL AB — a classic choice for jewelry makers and beading
gid://shopify/Product/8129297580101,CZECH RHINESTONE SQUAREDELLES - CRYSTAL/SILVER,Czech Rhinestone Squaredelles - Crystal/Silver,Czech Rhinestone Squaredelles in stunning CRYSTAL/SILVER Premium quality Czech rhinestone squaredelles featuring a sparkly brilliant Czech Machine Cut Crystal
gid://shopify/Product/8129308229701,CZECH RHINESTONE SQUAREDELLES - CRYSTAL/GOLD,Czech Rhinestone Squaredelles - Crystal/Gold,Czech Rhinestone Squaredelles in stunning CRYSTAL/GOLD Premium quality Czech rhinestone squaredelles featuring a sparkly brilliant Czech Machine Cut Crystal
gid://shopify/Product/8129310818373,CZECH RHINESTONE SQUAREDELLES - CRYSTAL AB / SILVER,Czech Rhinestone Squaredelles - Crystal AB / Silver,Czech Rhinestone Squaredelles in stunning CRYSTAL AB / SILVER Premium quality Czech rhinestone squaredelles featuring a sparkly brilliant Czech Machine Cut
gid://shopify/Product/8129314947141,CZECH RHINESTONE SQUAREDELLES - CRYSTAL AB / GOLD,Czech Rhinestone Squaredelles - Crystal AB / Gold,Czech Rhinestone Squaredelles in stunning CRYSTAL AB / GOLD Premium quality Czech rhinestone squaredelles featuring a sparkly brilliant Czech Machine Cut
gid://shopify/Product/8129324056645,Chunky Rondelle Large Hole Lampwork Glass Beads - P12002,Chunky Rondelle Large Hole Lampwork Glass Beads - P12002,Large Hole Lampwork Glass Beads Elevate your jewelry designs with these stunning handcrafted lampwork.
gid://shopify/Product/8129388150853,Chunky Rondelle Large Hole Lampwork Glass Beads - P12004,Chunky Rondelle Large Hole Lampwork Glass Beads - P12004,Large Hole Lampwork Glass Beads Elevate your jewelry designs with these stunning handcrafted lampwork.
gid://shopify/Product/8129391296581,Chunky Rondelle Large Hole Lampwork Glass Beads - P12006,Chunky Rondelle Large Hole Lampwork Glass Beads - P12006,Large Hole Lampwork Glass Beads Elevate your jewelry designs with these stunning handcrafted lampwork.
gid://shopify/Product/8129397030981,Chunky Rondelle Large Hole Lampwork Glass Beads - P12015,Chunky Rondelle Large Hole Lampwork Glass Beads - P12015,Large Hole Lampwork Glass Beads Elevate your jewelry designs with these stunning handcrafted lampwork.
gid://shopify/Product/8129398571077,Chunky Rondelle Large Hole Lampwork Glass Beads - P12016,Chunky Rondelle Large Hole Lampwork Glass Beads - P12016,Large Hole Lampwork Glass Beads Elevate your jewelry designs with these stunning handcrafted lampwork.
gid://shopify/Product/8129401356357,Chunky Rondelle Large Hole Lampwork Glass Beads - P12021,Chunky Rondelle Large Hole Lampwork Glass Beads - P12021,Large Hole Lampwork Glass Beads Elevate your jewelry designs with these stunning handcrafted lampwork.
gid://shopify/Product/8129403093061,Chunky Rondelle Large Hole Lampwork Glass Beads - P12022,Chunky Rondelle Large Hole Lampwork Glass Beads - P12022,Large Hole Lampwork Glass Beads Elevate your jewelry designs with these stunning handcrafted lampwork.
gid://shopify/Product/8129404600389,Chunky Rondelle Large Hole Lampwork Glass Beads - P12024,Chunky Rondelle Large Hole Lampwork Glass Beads - P12024,Large Hole Lampwork Glass Beads Elevate your jewelry designs with these stunning handcrafted lampwork.
gid://shopify/Product/8129405354053,Chunky Rondelle Large Hole Lampwork Glass Beads - P12025,Chunky Rondelle Large Hole Lampwork Glass Beads - P12025,Large Hole Lampwork Glass Beads Elevate your jewelry designs with these stunning handcrafted lampwork.
gid://shopify/Product/8129406599237,Chunky Rondelle Large Hole Lampwork Glass Beads - P12026,Chunky Rondelle Large Hole Lampwork Glass Beads - P12026,Large Hole Lampwork Glass Beads Elevate your jewelry designs with these stunning handcrafted lampwork.
gid://shopify/Product/8129407549509,Chunky Rondelle Large Hole Lampwork Glass Beads - P12027,Chunky Rondelle Large Hole Lampwork Glass Beads - P12027,Large Hole Lampwork Glass Beads Elevate your jewelry designs with these stunning handcrafted lampwork.
gid://shopify/Product/8129409417285,Chunky Rondelle Large Hole Lampwork Glass Beads - P12031,Chunky Rondelle Large Hole Lampwork Glass Beads - P12031,Large Hole Lampwork Glass Beads Elevate your jewelry designs with these stunning handcrafted lampwork.
gid://shopify/Product/8129410203717,Chunky Rondelle Large Hole Lampwork Glass Beads - P12032,Chunky Rondelle Large Hole Lampwork Glass Beads - P12032,Large Hole Lampwork Glass Beads Elevate your jewelry designs with these stunning handcrafted lampwork.
gid://shopify/Product/8129410826309,Chunky Rondelle Large Hole Lampwork Glass Beads - P12034,Chunky Rondelle Large Hole Lampwork Glass Beads - P12034,Large Hole Lampwork Glass Beads Elevate your jewelry designs with these stunning handcrafted lampwork.
gid://shopify/Product/8129411350597,Chunky Rondelle Large Hole Lampwork Glass Beads - P12036,Chunky Rondelle Large Hole Lampwork Glass Beads - P12036,Large Hole Lampwork Glass Beads Elevate your jewelry designs with these stunning handcrafted lampwork.
gid://shopify/Product/8129412235333,Chunky Rondelle Large Hole Lampwork Glass Beads - P12039,Chunky Rondelle Large Hole Lampwork Glass Beads - P12039,Large Hole Lampwork Glass Beads Elevate your jewelry designs with these stunning handcrafted lampwork.
gid://shopify/Product/8129413185605,Chunky Rondelle Large Hole Lampwork Glass Beads - P12042,Chunky Rondelle Large Hole Lampwork Glass Beads - P12042,Large Hole Lampwork Glass Beads Elevate your jewelry designs with these stunning handcrafted lampwork.
gid://shopify/Product/8129413939269,Chunky Rondelle Large Hole Lampwork Glass Beads - P12047,Chunky Rondelle Large Hole Lampwork Glass Beads - P12047,Large Hole Lampwork Glass Beads Elevate your jewelry designs with these stunning handcrafted lampwork.
gid://shopify/Product/8129420165189,Chunky Rondelle Large Hole Lampwork Glass Beads - P12050,Chunky Rondelle Large Hole Lampwork Glass Beads - P12050,Large Hole Lampwork Glass Beads Elevate your jewelry designs with these stunning handcrafted lampwork.
gid://shopify/Product/8129421279301,Chunky Rondelle Large Hole Lampwork Glass Beads - P12051,Chunky Rondelle Large Hole Lampwork Glass Beads - P12051,Large Hole Lampwork Glass Beads Elevate your jewelry designs with these stunning handcrafted lampwork.
gid://shopify/Product/8129422295109,Chunky Rondelle Large Hole Lampwork Glass Beads - P12058,Chunky Rondelle Large Hole Lampwork Glass Beads - P12058,Large Hole Lampwork Glass Beads Elevate your jewelry designs with these stunning handcrafted lampwork.
gid://shopify/Product/8129423343685,Chunky Rondelle Large Hole Lampwork Glass Beads - P12060,Chunky Rondelle Large Hole Lampwork Glass Beads - P12060,Large Hole Lampwork Glass Beads Elevate your jewelry designs with these stunning handcrafted lampwork.
gid://shopify/Product/8129424162885,Chunky Rondelle Large Hole Lampwork Glass Beads - P12063,Chunky Rondelle Large Hole Lampwork Glass Beads - P12063,Large Hole Lampwork Glass Beads Elevate your jewelry designs with these stunning handcrafted lampwork.
gid://shopify/Product/8129424785477,Chunky Rondelle Large Hole Lampwork Glass Beads - P12066,Chunky Rondelle Large Hole Lampwork Glass Beads - P12066,Large Hole Lampwork Glass Beads Elevate your jewelry designs with these stunning handcrafted lampwork.
gid://shopify/Product/8129426882629,Chunky Rondelle Large Hole Lampwork Glass Beads - P12069,Chunky Rondelle Large Hole Lampwork Glass Beads - P12069,Large Hole Lampwork Glass Beads Elevate your jewelry designs with these stunning handcrafted lampwork.
gid://shopify/Product/8129428095045,Chunky Rondelle Large Hole Lampwork Glass Beads - P12070,Chunky Rondelle Large Hole Lampwork Glass Beads - P12070,Large Hole Lampwork Glass Beads Elevate your jewelry designs with these stunning handcrafted lampwork.
gid://shopify/Product/8129428881477,Chunky Rondelle Large Hole Lampwork Glass Beads - P12071,Chunky Rondelle Large Hole Lampwork Glass Beads - P12071,Large Hole Lampwork Glass Beads Elevate your jewelry designs with these stunning handcrafted lampwork.
gid://shopify/Product/8129430159429,Chunky Rondelle Large Hole Lampwork Glass Beads - P12072,Chunky Rondelle Large Hole Lampwork Glass Beads - P12072,Large Hole Lampwork Glass Beads Elevate your jewelry designs with these stunning handcrafted lampwork.
gid://shopify/Product/8129431732293,Chunky Rondelle Large Hole Lampwork Glass Beads - P12073,Chunky Rondelle Large Hole Lampwork Glass Beads - P12073,Large Hole Lampwork Glass Beads Elevate your jewelry designs with these stunning handcrafted lampwork.
gid://shopify/Product/8129432387653,Chunky Rondelle Large Hole Lampwork Glass Beads - P12075,Chunky Rondelle Large Hole Lampwork Glass Beads - P12075,Large Hole Lampwork Glass Beads Elevate your jewelry designs with these stunning handcrafted lampwork.
gid://shopify/Product/8129433239621,Chunky Rondelle Large Hole Lampwork Glass Beads - P12077,Chunky Rondelle Large Hole Lampwork Glass Beads - P12077,Large Hole Lampwork Glass Beads Elevate your jewelry designs with these stunning handcrafted lampwork.
gid://shopify/Product/8129434124357,Chunky Rondelle Large Hole Lampwork Glass Beads - P12081,Chunky Rondelle Large Hole Lampwork Glass Beads - P12081,Large Hole Lampwork Glass Beads Elevate your jewelry designs with these stunning handcrafted lampwork.
gid://shopify/Product/8129435172933,Chunky Rondelle Large Hole Lampwork Glass Beads - P12082,Chunky Rondelle Large Hole Lampwork Glass Beads - P12082,Large Hole Lampwork Glass Beads Elevate your jewelry designs with these stunning handcrafted lampwork.
gid://shopify/Product/8129438613573,Chunky Rondelle Large Hole Lampwork Glass Beads - P12088,Chunky Rondelle Large Hole Lampwork Glass Beads - P12088,Large Hole Lampwork Glass Beads Elevate your jewelry designs with these stunning handcrafted lampwork.
gid://shopify/Product/8129440776261,Chunky Rondelle Large Hole Lampwork Glass Beads - P12091,Chunky Rondelle Large Hole Lampwork Glass Beads - P12091,Large Hole Lampwork Glass Beads Elevate your jewelry designs with these stunning handcrafted lampwork.
gid://shopify/Product/8129446117445,Chunky Mix Multi-Shape Beads - PEACHTOPIA,Chunky Mix Multi-Shape Beads - PEACHTOPIA,Chunky Mix Multi-Shape Beads These Chunky Glass Beads Elevate your jewelry designs.
gid://shopify/Product/8130464120901,Chunky Mix Multi-Shape Beads - CHROME,Chunky Mix Multi-Shape Beads - CHROME,Chunky Mix Multi-Shape Beads These Chunky Glass Beads Elevate your jewelry designs.
gid://shopify/Product/8130465300549,Chunky Mix Multi-Shape Beads - PURPLE IRIS INSIDE / BLUE IRIS OUTSIDE,Chunky Mix Multi-Shape Beads - PURPLE IRIS INSIDE / BLUE IRIS OUTSIDE,Chunky Mix Multi-Shape Beads These Chunky Glass Beads Elevate your jewelry designs.
gid://shopify/Product/8130466349125,Chunky Mix Multi-Shape Beads - CRYSTAL AB,Chunky Mix Multi-Shape Beads - CRYSTAL AB,Chunky Mix Multi-Shape Beads These Chunky Glass Beads Elevate your jewelry designs.
gid://shopify/Product/8130467037253,Chunky Mix Multi-Shape Beads - MONTANA IRIS / PURPLE IRIS,Chunky Mix Multi-Shape Beads - MONTANA IRIS / PURPLE IRIS,Chunky Mix Multi-Shape Beads These Chunky Glass Beads Elevate your jewelry designs.
gid://shopify/Product/8130467856453,Chunky Mix Multi-Shape Beads - CHROME INSIDE / AURUM OUTSIDE,Chunky Mix Multi-Shape Beads - CHROME INSIDE / AURUM OUTSIDE,Chunky Mix Multi-Shape Beads These Chunky Glass Beads Elevate your jewelry designs.
gid://shopify/Product/8130469462085,Chunky Mix Multi-Shape Beads - RED IRIS BOTH SIDES,Chunky Mix Multi-Shape Beads - RED IRIS BOTH SIDES,Chunky Mix Multi-Shape Beads These Chunky Glass Beads Elevate your jewelry designs.
gid://shopify/Product/8130470346821,Chunky Mix Multi-Shape Beads - BLUE IRIS BOTH SIDES,Chunky Mix Multi-Shape Beads - BLUE IRIS BOTH SIDES,Chunky Mix Multi-Shape Beads These Chunky Glass Beads Elevate your jewelry designs.
gid://shopify/Product/8145776312389,3 CUT 9/0 SPHINX (HEMATITE) OPAQUE LUSTER METALLIC PRECIOSA ORNELA BEADS,3 Cut 9/0 Sphinx (Hematite) Opaque Luster Metallic Preciosa Ornela Beads,"Preciosa Ornela Three-Cuts Made In The Czech Republic Premium Czech glass beads crafted by Preciosa Ornela, a leader in quality glass bead manufacturing."
gid://shopify/Product/8145780015173,3 CUT 9/0 BROWN METALLIC IRIS PRECIOSA ORNELA BEADS,3 Cut 9/0 Brown Metallic Iris Preciosa Ornela Beads,"Preciosa Ornela Three-Cuts Made In The Czech Republic Premium Czech glass beads crafted by Preciosa Ornela, a leader in quality glass bead manufacturing."
gid://shopify/Product/8145780473925,3 CUT 9/0 BLUE METALLIC IRIS PRECIOSA ORNELA BEADS,3 Cut 9/0 Blue Metallic Iris Preciosa Ornela Beads,"Preciosa Ornela Three-Cuts Made In The Czech Republic Premium Czech glass beads crafted by Preciosa Ornela, a leader in quality glass bead manufacturing."
gid://shopify/Product/8145780932677,3 CUT 9/0 PURPLE METALLIC IRIS PRECIOSA ORNELA BEADS,3 Cut 9/0 Purple Metallic Iris Preciosa Ornela Beads,"Preciosa Ornela Three-Cuts Made In The Czech Republic Premium Czech glass beads crafted by Preciosa Ornela, a leader in quality glass bead manufacturing."
gid://shopify/Product/8145781162053,3 CUT 9/0 BRONZE METALLIC PRECIOSA ORNELA BEADS,3 Cut 9/0 Bronze Metallic Preciosa Ornela Beads,"Preciosa Ornela Three-Cuts Made In The Czech Republic Premium Czech glass beads crafted by Preciosa Ornela, a leader in quality glass bead manufacturing."
gid://shopify/Product/8145781456965,3 CUT 9/0 BRIGHT GOLD METALLIC IRIS PRECIOSA ORNELA BEADS,3 Cut 9/0 Bright Gold Metallic Iris Preciosa Ornela Beads,"Preciosa Ornela Three-Cuts Made In The Czech Republic Premium Czech glass beads crafted by Preciosa Ornela, a leader in quality glass bead manufacturing."
gid://shopify/Product/8145781915717,3 CUT 9/0 CRYSTAL TRANSPARENT PRECIOSA ORNELA BEADS,3 Cut 9/0 Crystal Transparent Preciosa Ornela Beads,"Preciosa Ornela Three-Cuts Made In The Czech Republic Premium Czech glass beads crafted by Preciosa Ornela, a leader in quality glass bead manufacturing."
gid://shopify/Product/8145782636613,3 CUT 9/0 DARK SAPPHIRE TRANSPARENT PRECIOSA ORNELA BEADS,3 Cut 9/0 Dark Sapphire Transparent Preciosa Ornela Beads,"Preciosa Ornela Three-Cuts Made In The Czech Republic Premium Czech glass beads crafted by Preciosa Ornela, a leader in quality glass bead manufacturing."
gid://shopify/Product/8145783029829,3 CUT 9/0 BROWN OPAQUE PRECIOSA ORNELA BEADS,3 Cut 9/0 Brown Opaque Preciosa Ornela Beads,"Preciosa Ornela Three-Cuts Made In The Czech Republic Premium Czech glass beads crafted by Preciosa Ornela, a leader in quality glass bead manufacturing."
gid://shopify/Product/8145783357509,3 CUT 9/0 JET BLACK OPAQUE PRECIOSA ORNELA BEADS,3 Cut 9/0 Jet Black Opaque Preciosa Ornela Beads,"Preciosa Ornela Three-Cuts Made In The Czech Republic Premium Czech glass beads crafted by Preciosa Ornela, a leader in quality glass bead manufacturing."
gid://shopify/Product/8145784275013,3 CUT 9/0 BLUE OPAQUE PRECIOSA ORNELA BEADS,3 Cut 9/0 Blue Opaque Preciosa Ornela Beads,"Preciosa Ornela Three-Cuts Made In The Czech Republic Premium Czech glass beads crafted by Preciosa Ornela, a leader in quality glass bead manufacturing."
gid://shopify/Product/8145784569925,3 CUT 9/0 TURQUOISE OPAQUE PRECIOSA ORNELA BEADS,3 Cut 9/0 Turquoise Opaque Preciosa Ornela Beads,"Preciosa Ornela Three-Cuts Made In The Czech Republic Premium Czech glass beads crafted by Preciosa Ornela, a leader in quality glass bead manufacturing."
gid://shopify/Product/8145786044485,3 CUT 9/0 DARK RED OPAQUE PRECIOSA ORNELA BEADS,3 Cut 9/0 Dark Red Opaque Preciosa Ornela Beads,"Preciosa Ornela Three-Cuts Made In The Czech Republic Premium Czech glass beads crafted by Preciosa Ornela, a leader in quality glass bead manufacturing."
gid://shopify/Product/8147962593349,3 CUT 9/0 LIGHT AMETHYST TRANSPARENT IRIS PRECIOSA ORNELA BEADS,3 Cut 9/0 Light Amethyst Transparent Iris Preciosa Ornela Beads,"Preciosa Ornela Three-Cuts Made In The Czech Republic Premium Czech glass beads crafted by Preciosa Ornela, a leader in quality glass bead manufacturing."
gid://shopify/Product/8147977437253,3 CUT 9/0 AMETHYST TRANSPARENT IRIS PRECIOSA ORNELA BEADS,3 Cut 9/0 Amethyst Transparent Iris Preciosa Ornela Beads,"Preciosa Ornela Three-Cuts Made In The Czech Republic Premium Czech glass beads crafted by Preciosa Ornela, a leader in quality glass bead manufacturing."
gid://shopify/Product/8148008894533,3 CUT 9/0 DARK SAPPHIRE TRANSPARENT IRIS PRECIOSA ORNELA BEADS,3 Cut 9/0 Dark Sapphire Transparent Iris Preciosa Ornela Beads,"Preciosa Ornela Three-Cuts Made In The Czech Republic Premium Czech glass beads crafted by Preciosa Ornela, a leader in quality glass bead manufacturing."
gid://shopify/Product/8148012859461,3 CUT 9/0 SMOKE GREY TRANSPARENT IRIS PRECIOSA ORNELA BEADS,3 Cut 9/0 Smoke Grey Transparent Iris Preciosa Ornela Beads,"Preciosa Ornela Three-Cuts Made In The Czech Republic Premium Czech glass beads crafted by Preciosa Ornela, a leader in quality glass bead manufacturing."
gid://shopify/Product/8148016824389,3 CUT 9/0 PERIDOT TRANSPARENT IRIS PRECIOSA ORNELA BEADS,3 Cut 9/0 Peridot Transparent Iris Preciosa Ornela Beads,"Preciosa Ornela Three-Cuts Made In The Czech Republic Premium Czech glass beads crafted by Preciosa Ornela, a leader in quality glass bead manufacturing."
gid://shopify/Product/8148021739589,3 CUT 9/0 GREEN ZIRCON TRANSPARENT IRIS PRECIOSA ORNELA BEADS,3 Cut 9/0 Green Zircon Transparent Iris Preciosa Ornela Beads,"Preciosa Ornela Three-Cuts Made In The Czech Republic Premium Czech glass beads crafted by Preciosa Ornela, a leader in quality glass bead manufacturing."
gid://shopify/Product/8148029407301,3 CUT 9/0 LIGHT AQUA TRANSPARENT IRIS PRECIOSA ORNELA BEADS,3 Cut 9/0 Light Aqua Transparent Iris Preciosa Ornela Beads,"Preciosa Ornela Three-Cuts Made In The Czech Republic Premium Czech glass beads crafted by Preciosa Ornela, a leader in quality glass bead manufacturing."
gid://shopify/Product/8148039204933,3 CUT 9/0 AQUA TRANSPARENT IRIS PRECIOSA ORNELA BEADS,3 Cut 9/0 Aqua Transparent Iris Preciosa Ornela Beads,"Preciosa Ornela Three-Cuts Made In The Czech Republic Premium Czech glass beads crafted by Preciosa Ornela, a leader in quality glass bead manufacturing."
gid://shopify/Product/8148042711109,3 CUT 9/0 HYACINTH TRANSPARENT IRIS PRECIOSA ORNELA BEADS,3 Cut 9/0 Hyacinth Transparent Iris Preciosa Ornela Beads,"Preciosa Ornela Three-Cuts Made In The Czech Republic Premium Czech glass beads crafted by Preciosa Ornela, a leader in quality glass bead manufacturing."
gid://shopify/Product/8148046544965,3 CUT 9/0 GARNET TRANSPARENT IRIS PRECIOSA ORNELA BEADS,3 Cut 9/0 Garnet Transparent Iris Preciosa Ornela Beads,"Preciosa Ornela Three-Cuts Made In The Czech Republic Premium Czech glass beads crafted by Preciosa Ornela, a leader in quality glass bead manufacturing."
gid://shopify/Product/8148051427397,3 CUT 9/0 RED OPAQUE IRIS PRECIOSA ORNELA BEADS,3 Cut 9/0 Red Opaque Iris Preciosa Ornela Beads,"Preciosa Ornela Three-Cuts Made In The Czech Republic Premium Czech glass beads crafted by Preciosa Ornela, a leader in quality glass bead manufacturing."
gid://shopify/Product/8148062666821,3 CUT 9/0 CRYSTAL LUSTER BLACK LINED PRECIOSA ORNELA BEADS,3 Cut 9/0 Crystal Luster Black Lined Preciosa Ornela Beads,"Preciosa Ornela Three-Cuts Made In The Czech Republic Premium Czech glass beads crafted by Preciosa Ornela, a leader in quality glass bead manufacturing."
gid://shopify/Product/8148073283653,3 CUT 9/0 CRYSTAL LUSTER BEIGE LINED PRECIOSA ORNELA BEADS,3 Cut 9/0 Crystal Luster Beige Lined Preciosa Ornela Beads,"Preciosa Ornela Three-Cuts Made In The Czech Republic Premium Czech glass beads crafted by Preciosa Ornela, a leader in quality glass bead manufacturing."
gid://shopify/Product/8148077838405,3 CUT 9/0 CRYSTAL LUSTER LT. FUCHSIA LINED PRECIOSA ORNELA BEADS,3 Cut 9/0 Crystal Luster Light Fuchsia Lined Preciosa Ornela Beads,"Preciosa Ornela Three-Cuts Made In The Czech Republic Premium Czech glass beads crafted by Preciosa Ornela, a leader in quality glass bead manufacturing."
gid://shopify/Product/8148082065477,3 CUT 9/0 CRYSTAL LUSTER  LAVENDER LINED PRECIOSA ORNELA BEADS,3 Cut 9/0 Crystal Luster Lavender Lined Preciosa Ornela Beads,"Preciosa Ornela Three-Cuts Made In The Czech Republic Premium Czech glass beads crafted by Preciosa Ornela, a leader in quality glass bead manufacturing."
gid://shopify/Product/8148117487685,3 CUT 9/0 CRYSTAL LUSTER PLUM LINED PRECIOSA ORNELA BEADS,3 Cut 9/0 Crystal Luster Plum Lined Preciosa Ornela Beads,"Preciosa Ornela Three-Cuts Made In The Czech Republic Premium Czech glass beads crafted by Preciosa Ornela, a leader in quality glass bead manufacturing."
gid://shopify/Product/8148121485381,3 CUT 9/0 CRYSTAL LUSTER LT. BLUE LINED PRECIOSA ORNELA BEADS,3 Cut 9/0 Crystal Luster Light Blue Lined Preciosa Ornela Beads,"Preciosa Ornela Three-Cuts Made In The Czech Republic Premium Czech glass beads crafted by Preciosa Ornela, a leader in quality glass bead manufacturing."
gid://shopify/Product/8148126531653,3 CUT 9/0 CRYSTAL LUSTER SEA BLUE LINED PRECIOSA ORNELA BEADS,3 Cut 9/0 Crystal Luster Sea Blue Lined Preciosa Ornela Beads,"Preciosa Ornela Three-Cuts Made In The Czech Republic Premium Czech glass beads crafted by Preciosa Ornela, a leader in quality glass bead manufacturing."
gid://shopify/Product/8148129448005,3 CUT 9/0 CRYSTAL LUSTER GUNMETAL LINED PRECIOSA ORNELA BEADS,3 Cut 9/0 Crystal Luster Gunmetal Lined Preciosa Ornela Beads,"Preciosa Ornela Three-Cuts Made In The Czech Republic Premium Czech glass beads crafted by Preciosa Ornela, a leader in quality glass bead manufacturing."
gid://shopify/Product/8148134363205,3 CUT 9/0 CRYSTAL LUSTER LT. GREEN LINED PRECIOSA ORNELA BEADS,3 Cut 9/0 Crystal Luster Light Green Lined Preciosa Ornela Beads,"Preciosa Ornela Three-Cuts Made In The Czech Republic Premium Czech glass beads crafted by Preciosa Ornela, a leader in quality glass bead manufacturing."
gid://shopify/Product/8148137148485,3 CUT 9/0 CRYSTAL LUSTER LT. AQUA LINED PRECIOSA ORNELA BEADS,3 Cut 9/0 Crystal Luster Light Aqua Lined Preciosa Ornela Beads,"Preciosa Ornela Three-Cuts Made In The Czech Republic Premium Czech glass beads crafted by Preciosa Ornela, a leader in quality glass bead manufacturing."
gid://shopify/Product/8148139573317,3 CUT 9/0 CRYSTAL LUSTER LT. PINK LINED PRECIOSA ORNELA BEADS,3 Cut 9/0 Crystal Luster Light Pink Lined Preciosa Ornela Beads,"Preciosa Ornela Three-Cuts Made In The Czech Republic Premium Czech glass beads crafted by Preciosa Ornela, a leader in quality glass bead manufacturing."
gid://shopify/Product/8148141375557,3 CUT 9/0 CRYSTAL LUSTER PINK LINED PRECIOSA ORNELA BEADS,3 Cut 9/0 Crystal Luster Pink Lined Preciosa Ornela Beads,"Preciosa Ornela Three-Cuts Made In The Czech Republic Premium Czech glass beads crafted by Preciosa Ornela, a leader in quality glass bead manufacturing."
gid://shopify/Product/8148142719045,3 CUT 9/0 CRYSTAL LUSTER YELLOW LINED PRECIOSA ORNELA BEADS,3 Cut 9/0 Crystal Luster Yellow Lined Preciosa Ornela Beads,"Preciosa Ornela Three-Cuts Made In The Czech Republic Premium Czech glass beads crafted by Preciosa Ornela, a leader in quality glass bead manufacturing."
gid://shopify/Product/8148144488517,3 CUT 9/0 CRYSTAL LUSTER LT. PEACH LINED PRECIOSA ORNELA BEADS,3 Cut 9/0 Crystal Luster Light Peach Lined Preciosa Ornela Beads,"Preciosa Ornela Three-Cuts Made In The Czech Republic Premium Czech glass beads crafted by Preciosa Ornela, a leader in quality glass bead manufacturing."
gid://shopify/Product/8148146421829,3 CUT 9/0 CRYSTAL LUSTER PEACH LINED PRECIOSA ORNELA BEADS,3 Cut 9/0 Crystal Luster Peach Lined Preciosa Ornela Beads,"Preciosa Ornela Three-Cuts Made In The Czech Republic Premium Czech glass beads crafted by Preciosa Ornela, a leader in quality glass bead manufacturing."
gid://shopify/Product/8148148092997,3 CUT 9/0 CRYSTAL LUSTER STRAWBERRY LINED PRECIOSA ORNELA BEADS,3 Cut 9/0 Crystal Luster Strawberry Lined Preciosa Ornela Beads,"Preciosa Ornela Three-Cuts Made In The Czech Republic Premium Czech glass beads crafted by Preciosa Ornela, a leader in quality glass bead manufacturing."
gid://shopify/Product/8148190462021,3 CUT 9/0 CREAM LUSTER BLUE LINED PRECIOSA ORNELA BEADS,3 Cut 9/0 Cream Luster Blue Lined Preciosa Ornela Beads,"Preciosa Ornela Three-Cuts Made In The Czech Republic Premium Czech glass beads crafted by Preciosa Ornela, a leader in quality glass bead manufacturing."
gid://shopify/Product/8148192657477,3 CUT 9/0 CREAM LUSTER MINT GREEN LINED PRECIOSA ORNELA BEADS,3 Cut 9/0 Cream Luster Mint Green Lined Preciosa Ornela Beads,"Preciosa Ornela Three-Cuts Made In The Czech Republic Premium Czech glass beads crafted by Preciosa Ornela, a leader in quality glass bead manufacturing."
gid://shopify/Product/8148193509445,3 CUT 9/0 CREAM LUSTER RED LINED PRECIOSA ORNELA BEADS,3 Cut 9/0 Cream Luster Red Lined Preciosa Ornela Beads,"Preciosa Ornela Three-Cuts Made In The Czech Republic Premium Czech glass beads crafted by Preciosa Ornela, a leader in quality glass bead manufacturing."
gid://shopify/Product/8148194754629,3 CUT 9/0 TOPAZ RAINBOW BROWN LINED PRECIOSA ORNELA BEADS,3 Cut 9/0 Topaz Rainbow Brown Lined Preciosa Ornela Beads,"Preciosa Ornela Three-Cuts Made In The Czech Republic Premium Czech glass beads crafted by Preciosa Ornela, a leader in quality glass bead manufacturing."
gid://shopify/Product/8148198096965,3 CUT 9/0 LT. SAPPHIRE LUSTER VIOLET LINED PRECIOSA ORNELA BEADS,3 Cut 9/0 Light Sapphire Luster Violet Lined Preciosa Ornela Beads,"Preciosa Ornela Three-Cuts Made In The Czech Republic Premium Czech glass beads crafted by Preciosa Ornela, a leader in quality glass bead manufacturing."
gid://shopify/Product/8148200554565,3 CUT 9/0 AQUA LUSTER BEIGE LINED PRECIOSA ORNELA BEADS,3 Cut 9/0 Aqua Luster Beige Lined Preciosa Ornela Beads,"Preciosa Ornela Three-Cuts Made In The Czech Republic Premium Czech glass beads crafted by Preciosa Ornela, a leader in quality glass bead manufacturing."
gid://shopify/Product/8148205699141,3 CUT 9/0 AQUA LUSTER RED LINED PRECIOSA ORNELA BEADS,3 Cut 9/0 Aqua Luster Red Lined Preciosa Ornela Beads,"Preciosa Ornela Three-Cuts Made In The Czech Republic Premium Czech glass beads crafted by Preciosa Ornela, a leader in quality glass bead manufacturing."
gid://shopify/Product/8148209696837,3 CUT 9/0 CITRINE LUSTER LT.GREEN LINED PRECIOSA ORNELA BEADS,3 Cut 9/0 Citrine Luster Light Green Lined Preciosa Ornela Beads,"Preciosa Ornela Three-Cuts Made In The Czech Republic Premium Czech glass beads crafted by Preciosa Ornela, a leader in quality glass bead manufacturing."
gid://shopify/Product/8148212121669,3 CUT 9/0 CITRINE  LUSTER ORANGE LINED PRECIOSA ORNELA BEADS,3 Cut 9/0 Citrine Luster Orange Lined Preciosa Ornela Beads,"Preciosa Ornela Three-Cuts Made In The Czech Republic Premium Czech glass beads crafted by Preciosa Ornela, a leader in quality glass bead manufacturing."
gid://shopify/Product/8148213039173,3 CUT 9/0 TANGERINE LUSTER OLIVE LINED PRECIOSA ORNELA BEADS,3 Cut 9/0 Tangerine Luster Olive Lined Preciosa Ornela Beads,"Preciosa Ornela Three-Cuts Made In The Czech Republic Premium Czech glass beads crafted by Preciosa Ornela, a leader in quality glass bead manufacturing."
gid://shopify/Product/8150946644037,CZECH RHINESTONE CHAIN MACHINE CUT CRYSTAL - 6.5ss,CZECH RHINESTONE CHAIN MACHINE CUT CRYSTAL - 6.5ss,"Rhinestone Chain Machine Cut Crystal Premium Czech Machine Cut crystal rhinestone chain featuring brilliant sparkle and durability for jewelry making, apparel"
gid://shopify/Product/8151078240325,CZECH RHINESTONE CHAIN MACHINE CUT CRYSTAL - 8.5ss,CZECH RHINESTONE CHAIN MACHINE CUT CRYSTAL - 8.5ss,"Rhinestone Chain Machine Cut Crystal Premium Czech Machine Cut crystal rhinestone chain featuring brilliant sparkle and durability for jewelry making, apparel"
gid://shopify/Product/8151079157829,CZECH RHINESTONE CHAIN MACHINE CUT CRYSTAL - 12ss,CZECH RHINESTONE CHAIN MACHINE CUT CRYSTAL - 12ss,"Rhinestone Chain Machine Cut Crystal Premium Czech Machine Cut crystal rhinestone chain featuring brilliant sparkle and durability for jewelry making, apparel"
gid://shopify/Product/8151081975877,CZECH RHINESTONE CHAIN MACHINE CUT CRYSTAL - 14.5ss,CZECH RHINESTONE CHAIN MACHINE CUT CRYSTAL - 14.5ss,"Rhinestone Chain Machine Cut Crystal Premium Czech Machine Cut crystal rhinestone chain featuring brilliant sparkle and durability for jewelry making, apparel"
gid://shopify/Product/8151084269637,CZECH RHINESTONE CHAIN MACHINE CUT CRYSTAL - 16ss,CZECH RHINESTONE CHAIN MACHINE CUT CRYSTAL - 16ss,"Rhinestone Chain Machine Cut Crystal Premium Czech Machine Cut crystal rhinestone chain featuring brilliant sparkle and durability for jewelry making, apparel"
gid://shopify/Product/8151084761157,CZECH RHINESTONE CHAIN MACHINE CUT CRYSTAL - 18ss,CZECH RHINESTONE CHAIN MACHINE CUT CRYSTAL - 18ss,"Rhinestone Chain Machine Cut Crystal Premium Czech Machine Cut crystal rhinestone chain featuring brilliant sparkle and durability for jewelry making, apparel"
gid://shopify/Product/8151086825541,CZECH RHINESTONE CHAIN MACHINE CUT CRYSTAL - 29ss,CZECH RHINESTONE CHAIN MACHINE CUT CRYSTAL - 29ss,"Rhinestone Chain Machine Cut Crystal Premium Czech Machine Cut crystal rhinestone chain featuring brilliant sparkle and durability for jewelry making, apparel"
gid://shopify/Product/8163312795717,Round Leather Cord - Black 0.5mm,Round Leather Cord - Black 0.5mm,Premium Round Leather Cord for Jewelry Making & Crafts Create beautiful handmade jewelry and craft projects with our premium round leather cord.
gid://shopify/Product/8163415851077,Round Leather Cord - Black 1.0mm,Round Leather Cord - Black 1.0mm,Premium Round Leather Cord for Jewelry Making & Crafts Create beautiful handmade jewelry and craft projects with our premium round leather cord.
gid://shopify/Product/8163416375365,Round Leather Cord - Black 2.0mm,Round Leather Cord - Black 2.0mm,Premium Round Leather Cord for Jewelry Making & Crafts Create beautiful handmade jewelry and craft projects with our premium round leather cord.
gid://shopify/Product/8163420274757,Round Leather Cord - Black 3.0mm,Round Leather Cord - Black 3.0mm,Premium Round Leather Cord for Jewelry Making & Crafts Create beautiful handmade jewelry and craft projects with our premium round leather cord.
gid://shopify/Product/8163426402373,Round Leather Cord - Natural 1.0mm,Round Leather Cord - Natural 1.0mm,Premium Round Leather Cord for Jewelry Making & Crafts Create beautiful handmade jewelry and craft projects with our premium round leather cord.
gid://shopify/Product/8163429613637,Round Leather Cord - Natural 2.0mm,Round Leather Cord - Natural 2.0mm,Premium Round Leather Cord for Jewelry Making & Crafts Create beautiful handmade jewelry and craft projects with our premium round leather cord.
gid://shopify/Product/8179065061445,Czech Glass Roller Beads 9mm CRYSTAL TRANSPARENT,Czech Glass Roller Beads 9mm CRYSTAL TRANSPARENT,"Czech Glass Roller Beads - CRYSTAL TRANSPARENT These Premium Czech glass Roller Beads in color CRYSTAL are soft, tapered edged, smooth barrel shaped beads"
gid://shopify/Product/8179065094213,Czech Glass Roller Beads 9mm CRYSTAL TRANSPARENT MATTE,Czech Glass Roller Beads 9mm CRYSTAL TRANSPARENT MATTE,"Czech Glass Roller Beads - Crystal Transparent Matte These Premium Czech glass Roller Beads in color CRYSTAL MATTE are soft, tapered edged, smooth barrel"
gid://shopify/Product/8179065126981,Czech Glass Roller Beads 9mm LIGHT TOPAZ TRANSPARENT,Czech Glass Roller Beads 9mm LIGHT TOPAZ TRANSPARENT,"Czech Glass Roller Beads - Light Topaz Transparent These Premium Czech glass Roller Beads in color LIGHT TOPAZ are soft, tapered edged, smooth barrel shaped"
gid://shopify/Product/8179065159749,Czech Glass Roller Beads 9mm TOPAZ TRANSPARENT,Czech Glass Roller Beads 9mm TOPAZ TRANSPARENT,"Czech Glass Roller Beads - TOPAZ TRANSPARENT These Premium Czech glass Roller Beads in color TOPAZ are soft, tapered edged, smooth barrel shaped beads"
gid://shopify/Product/8179065192517,Czech Glass Roller Beads 9mm DARK TOPAZ TRANSPARENT,Czech Glass Roller Beads 9mm DARK TOPAZ TRANSPARENT,"Czech Glass Roller Beads - Dark Topaz Transparent These Premium Czech glass Roller Beads in color DARK TOPAZ are soft, tapered edged, smooth barrel shaped"
gid://shopify/Product/8179065225285,Czech Glass Roller Beads 9mm DARK TOPAZ TRANSPARENT MATTE,Czech Glass Roller Beads 9mm DARK TOPAZ TRANSPARENT MATTE,"Czech Glass Roller Beads - Dark Topaz Transparent Matte These Premium Czech glass Roller Beads in color Dark Topaz Matte are soft, tapered edged, smooth barrel"
gid://shopify/Product/8179065258053,Czech Glass Roller Beads 9mm LIGHT SMOKE TOPAZ TRANSPARENT,Czech Glass Roller Beads 9mm LIGHT SMOKE TOPAZ TRANSPARENT,"Czech Glass Roller Beads - Light Smoke Topaz Transparent These Premium Czech glass Roller Beads in color Light Smoke Topaz are soft, tapered edged, smooth"
gid://shopify/Product/8179065290821,Czech Glass Roller Beads 9mm SMOKE TOPAZ TRANSPARENT,Czech Glass Roller Beads 9mm SMOKE TOPAZ TRANSPARENT,"Czech Glass Roller Beads - Smoke Topaz Transparent These Premium Czech glass Roller Beads in color SMOKE TOPAZ are soft, tapered edged, smooth barrel shaped"
gid://shopify/Product/8179065323589,Czech Glass Roller Beads 9mm ROOT BEER TRANSPARENT,Czech Glass Roller Beads 9mm ROOT BEER TRANSPARENT,"Czech Glass Roller Beads - Root Beer Transparent These Premium Czech glass Roller Beads in color ROOT BEER are soft, tapered edged, smooth barrel shaped beads"
gid://shopify/Product/8179065356357,Czech Glass Roller Beads 9mm TORTOISE SHELL,Czech Glass Roller Beads 9mm TORTOISE SHELL,"Czech Glass Roller Beads - TORTOISE SHELL These Premium Czech glass Roller Beads in color TORTOISE SHELL are soft, tapered edged, smooth barrel shaped beads"
gid://shopify/Product/8179065389125,Czech Glass Roller Beads 9mm LIGHT AMETHYST TRANSPARENT,Czech Glass Roller Beads 9mm LIGHT AMETHYST TRANSPARENT,"Czech Glass Roller Beads - Light Amethyst Transparent These Premium Czech glass Roller Beads in color LIGHT AMETHYST are soft, tapered edged, smooth barrel"
gid://shopify/Product/8179065421893,Czech Glass Roller Beads 9mm LIGHT AMETHYST TRANSPARENT MATTE,Czech Glass Roller Beads 9mm LIGHT AMETHYST TRANSPARENT MATTE,"Czech Glass Roller Beads - Light Amethyst Transparent Matte These Premium Czech glass Roller Beads in color Light Amethyst Matte are soft, tapered edged"
gid://shopify/Product/8179065454661,Czech Glass Roller Beads 9mm AMETHYST TRANSPARENT,Czech Glass Roller Beads 9mm AMETHYST TRANSPARENT,"Czech Glass Roller Beads - AMETHYST TRANSPARENT These Premium Czech glass Roller Beads in color AMETHYST are soft, tapered edged, smooth barrel shaped beads"
gid://shopify/Product/8179065487429,Czech Glass Roller Beads 9mm DARK AMETHYST TRANSPARENT,Czech Glass Roller Beads 9mm DARK AMETHYST TRANSPARENT,"Czech Glass Roller Beads - DARKAMETHYST TRANSPARENT These Premium Czech glass Roller Beads in color DARKAMETHYST are soft, tapered edged, smooth barrel shaped"
gid://shopify/Product/8179065520197,Czech Glass Roller Beads 9mm LIGHT SAPPHIRE TRANSPARENT,Czech Glass Roller Beads 9mm LIGHT SAPPHIRE TRANSPARENT,"Czech Glass Roller Beads - Light Sapphire Transparent These Premium Czech glass Roller Beads in color LIGHT SAPPHIRE are soft, tapered edged, smooth barrel"
gid://shopify/Product/8179065552965,Czech Glass Roller Beads 9mm SAPPHIRE TRANSPARENT MATTE,Czech Glass Roller Beads 9mm SAPPHIRE TRANSPARENT MATTE,"Czech Glass Roller Beads - Sapphire Transparent Matte These Premium Czech glass Roller Beads in color SAPPHIRE MATTE are soft, tapered edged, smooth barrel"
gid://shopify/Product/8179065585733,Czech Glass Roller Beads 9mm SAPPHIRE TRANSPARENT,Czech Glass Roller Beads 9mm SAPPHIRE TRANSPARENT,"Czech Glass Roller Beads - SAPPHIRE TRANSPARENT These Premium Czech glass Roller Beads in color SAPPHIRE are soft, tapered edged, smooth barrel shaped beads"
gid://shopify/Product/8179065618501,Czech Glass Roller Beads 9mm COBALT TRANSPARENT,Czech Glass Roller Beads 9mm COBALT TRANSPARENT,"Czech Glass Roller Beads - COBALT TRANSPARENT These Premium Czech glass Roller Beads in color COBALT are soft, tapered edged, smooth barrel shaped beads"
gid://shopify/Product/8179065651269,Czech Glass Roller Beads 9mm BLACK DIAMOND TRANSPARENT,Czech Glass Roller Beads 9mm BLACK DIAMOND TRANSPARENT,"Czech Glass Roller Beads - Black Diamond Transparent These Premium Czech glass Roller Beads in color BLACK DIAMOND are soft, tapered edged, smooth barrel"
gid://shopify/Product/8179065684037,Czech Glass Roller Beads 9mm EMERALD TRANSPARENT,Czech Glass Roller Beads 9mm EMERALD TRANSPARENT,"Czech Glass Roller Beads - EMERALD TRANSPARENT These Premium Czech glass Roller Beads in color EMERALD are soft, tapered edged, smooth barrel shaped beads"
gid://shopify/Product/8179065716805,Czech Glass Roller Beads 9mm DARK EMERALD TRANSPARENT,Czech Glass Roller Beads 9mm DARK EMERALD TRANSPARENT,"Czech Glass Roller Beads - Dark Emerald Transparent These Premium Czech glass Roller Beads in color DARK EMERALD are soft, tapered edged, smooth barrel shaped"
gid://shopify/Product/8179065749573,Czech Glass Roller Beads 9mm OLIVINE TRANSPARENT,Czech Glass Roller Beads 9mm OLIVINE TRANSPARENT,"Czech Glass Roller Beads - OLIVINE TRANSPARENT These Premium Czech glass Roller Beads in color OLIVINE are soft, tapered edged, smooth barrel shaped beads"
gid://shopify/Product/8179065815109,Czech Glass Roller Beads 9mm DARK OLIVINE TRANSPARENT,Czech Glass Roller Beads 9mm DARK OLIVINE TRANSPARENT,"Czech Glass Roller Beads - Dark Olivine Transparent These Premium Czech glass Roller Beads in color DARK OLIVINE are soft, tapered edged, smooth barrel shaped"
gid://shopify/Product/8179065847877,Czech Glass Roller Beads 9mm LIGHT TEAL TRANSPARENT,Czech Glass Roller Beads 9mm LIGHT TEAL TRANSPARENT,"Czech Glass Roller Beads - Light Teal Transparent These Premium Czech glass Roller Beads in color LIGHT TEAL are soft, tapered edged, smooth barrel shaped"
gid://shopify/Product/8179065913413,Czech Glass Roller Beads 9mm TEAL TRANSPARENT,Czech Glass Roller Beads 9mm TEAL TRANSPARENT,"Czech Glass Roller Beads - TEAL TRANSPARENT These Premium Czech glass Roller Beads in color TEAL are soft, tapered edged, smooth barrel shaped beads measuring"
gid://shopify/Product/8179065946181,Czech Glass Roller Beads 9mm TEAL TRANSPARENT MATTE,Czech Glass Roller Beads 9mm TEAL TRANSPARENT MATTE,"Czech Glass Roller Beads - Teal Transparent Matte These Premium Czech glass Roller Beads in color TEAL MATTE are soft, tapered edged, smooth barrel shaped"
gid://shopify/Product/8179065978949,Czech Glass Roller Beads 9mm LIGHT AQUAMARINE TRANSPARENT,Czech Glass Roller Beads 9mm LIGHT AQUAMARINE TRANSPARENT,"Czech Glass Roller Beads - Light Aquamarine Transparent These Premium Czech glass Roller Beads in color LIGHT AQUAMARINE are soft, tapered edged, smooth barrel"
gid://shopify/Product/8179066011717,Czech Glass Roller Beads 9mm AQUAMARINE TRANSPARENT,Czech Glass Roller Beads 9mm AQUAMARINE TRANSPARENT,"Czech Glass Roller Beads - AQUAMARINE TRANSPARENT These Premium Czech glass Roller Beads in color AQUAMARINE are soft, tapered edged, smooth barrel shaped"
gid://shopify/Product/8179066044485,Czech Glass Roller Beads 9mm DARK AQUAMARINE TRANSPARENT,Czech Glass Roller Beads 9mm DARK AQUAMARINE TRANSPARENT,"Czech Glass Roller Beads - Dark Aquamarine Transparent These Premium Czech glass Roller Beads in color DARK AQUAMARINE are soft, tapered edged, smooth barrel"
gid://shopify/Product/8179066077253,Czech Glass Roller Beads 9mm DARK INDICOLITE TRANSPARENT,Czech Glass Roller Beads 9mm DARK INDICOLITE TRANSPARENT,"Czech Glass Roller Beads - Dark Indicolite Transparent These Premium Czech glass Roller Beads in color DARK INDICOLITE are soft, tapered edged, smooth barrel"
gid://shopify/Product/8179066110021,Czech Glass Roller Beads 9mm PINK PEACH TRANSPARENT,Czech Glass Roller Beads 9mm PINK PEACH TRANSPARENT,"Czech Glass Roller Beads - Pink Peach Transparent These Premium Czech glass Roller Beads in color PINK PEACH are soft, tapered edged, smooth barrel shaped"
gid://shopify/Product/8179066142789,Czech Glass Roller Beads 9mm PEACH TRANSPARENT,Czech Glass Roller Beads 9mm PEACH TRANSPARENT,"Czech Glass Roller Beads - PEACH TRANSPARENT These Premium Czech glass Roller Beads in color PEACH are soft, tapered edged, smooth barrel shaped beads"
gid://shopify/Product/8179066175557,Czech Glass Roller Beads 9mm HYACINTH TRANSPARENT,Czech Glass Roller Beads 9mm HYACINTH TRANSPARENT,"Czech Glass Roller Beads - HYACINTH TRANSPARENT These Premium Czech glass Roller Beads in color HYACINTH are soft, tapered edged, smooth barrel shaped beads"
gid://shopify/Product/8179066208325,Czech Glass Roller Beads 9mm DARK ORANGE TRANSPARENT,Czech Glass Roller Beads 9mm DARK ORANGE TRANSPARENT,"Czech Glass Roller Beads - Dark Orange Transparent These Premium Czech glass Roller Beads in color DARK ORANGE are soft, tapered edged, smooth barrel shaped"
gid://shopify/Product/8179066241093,Czech Glass Roller Beads 9mm LIGHT SIAM RUBY TRANSPARENT,Czech Glass Roller Beads 9mm LIGHT SIAM RUBY TRANSPARENT,"Czech Glass Roller Beads - Light Siam Ruby Transparent These Premium Czech glass Roller Beads in color Light Siam Ruby are soft, tapered edged, smooth barrel"
gid://shopify/Product/8179066273861,Czech Glass Roller Beads 9mm SIAM RUBY TRANSPARENT,Czech Glass Roller Beads 9mm SIAM RUBY TRANSPARENT,"Czech Glass Roller Beads - Siam Ruby Transparent These Premium Czech glass Roller Beads in color SIAM RUBY are soft, tapered edged, smooth barrel shaped beads"
gid://shopify/Product/8179066306629,Czech Glass Roller Beads 9mm DARK GARNET TRANSPARENT,Czech Glass Roller Beads 9mm DARK GARNET TRANSPARENT,"Czech Glass Roller Beads - Dark Garnet Transparent These Premium Czech glass Roller Beads in color DARK GARNET are soft, tapered edged, smooth barrel shaped"
gid://shopify/Product/8179066339397,Czech Glass Roller Beads 6mm CRYSTAL TRANSPARENT,Czech Glass Roller Beads 6mm CRYSTAL TRANSPARENT,"Czech Glass Roller Beads - CRYSTAL TRANSPARENT These Premium Czech glass Roller Beads in color CRYSTAL are soft, tapered edged, smooth barrel shaped beads"
gid://shopify/Product/8179066372165,Czech Glass Roller Beads 6mm LIGHT TOPAZ TRANSPARENT,Czech Glass Roller Beads 6mm LIGHT TOPAZ TRANSPARENT,"Czech Glass Roller Beads - Light Topaz Transparent These Premium Czech glass Roller Beads in color LIGHT TOPAZ are soft, tapered edged, smooth barrel shaped"
gid://shopify/Product/8179066404933,Czech Glass Roller Beads 6mm TOPAZ TRANSPARENT,Czech Glass Roller Beads 6mm TOPAZ TRANSPARENT,"Czech Glass Roller Beads - TOPAZ TRANSPARENT These Premium Czech glass Roller Beads in color TOPAZ are soft, tapered edged, smooth barrel shaped beads"
gid://shopify/Product/8179066437701,Czech Glass Roller Beads 6mm DARK TOPAZ TRANSPARENT,Czech Glass Roller Beads 6mm DARK TOPAZ TRANSPARENT,"Czech Glass Roller Beads - Dark Topaz Transparent These Premium Czech glass Roller Beads in color DARK TOPAZ are soft, tapered edged, smooth barrel shaped"
gid://shopify/Product/8179066503237,Czech Glass Roller Beads 6mm LIGHT SMOKE TOPAZ TRANSPARENT,Czech Glass Roller Beads 6mm LIGHT SMOKE TOPAZ TRANSPARENT,"Czech Glass Roller Beads - Light Smoke Topaz Transparent These Premium Czech glass Roller Beads in color Light Smoke Topaz are soft, tapered edged, smooth"
gid://shopify/Product/8179066536005,Czech Glass Roller Beads 6mm SMOKE TOPAZ TRANSPARENT,Czech Glass Roller Beads 6mm SMOKE TOPAZ TRANSPARENT,"Czech Glass Roller Beads - Smoke Topaz Transparent These Premium Czech glass Roller Beads in color SMOKE TOPAZ are soft, tapered edged, smooth barrel shaped"
gid://shopify/Product/8179066568773,Czech Glass Roller Beads 6mm LIGHT AMETHYST TRANSPARENT,Czech Glass Roller Beads 6mm LIGHT AMETHYST TRANSPARENT,"Czech Glass Roller Beads - Light Amethyst Transparent These Premium Czech glass Roller Beads in color LIGHT AMETHYST are soft, tapered edged, smooth barrel"
gid://shopify/Product/8179066634309,Czech Glass Roller Beads 6mm AMETHYST TRANSPARENT,Czech Glass Roller Beads 6mm AMETHYST TRANSPARENT,"Czech Glass Roller Beads - AMETHYST TRANSPARENT These Premium Czech glass Roller Beads in color AMETHYST are soft, tapered edged, smooth barrel shaped beads"
gid://shopify/Product/8179066667077,Czech Glass Roller Beads 6mm LIGHTER SAPPHIRE TRANSPARENT,Czech Glass Roller Beads 6mm LIGHTER SAPPHIRE TRANSPARENT,"Czech Glass Roller Beads - Lighter Sapphire Transparent These Premium Czech glass Roller Beads in color LIGHTER SAPPHIRE are soft, tapered edged, smooth barrel"
gid://shopify/Product/8179066699845,Czech Glass Roller Beads 6mm SAPPHIRE TRANSPARENT,Czech Glass Roller Beads 6mm SAPPHIRE TRANSPARENT,"Czech Glass Roller Beads - SAPPHIRE TRANSPARENT These Premium Czech glass Roller Beads in color SAPPHIRE are soft, tapered edged, smooth barrel shaped beads"
gid://shopify/Product/8179066732613,Czech Glass Roller Beads 6mm COBALT TRANSPARENT,Czech Glass Roller Beads 6mm COBALT TRANSPARENT,"Czech Glass Roller Beads - COBALT TRANSPARENT These Premium Czech glass Roller Beads in color COBALT are soft, tapered edged, smooth barrel shaped beads"
gid://shopify/Product/8179066765381,Czech Glass Roller Beads 6mm SMOKE GREY TRANSPARENT,Czech Glass Roller Beads 6mm SMOKE GREY TRANSPARENT,"Czech Glass Roller Beads - Smoke Grey Transparent These Premium Czech glass Roller Beads in color SMOKE GREY are soft, tapered edged, smooth barrel shaped"
gid://shopify/Product/8179066798149,Czech Glass Roller Beads 6mm EMERALD TRANSPARENT,Czech Glass Roller Beads 6mm EMERALD TRANSPARENT,"Czech Glass Roller Beads - EMERALD TRANSPARENT These Premium Czech glass Roller Beads in color EMERALD are soft, tapered edged, smooth barrel shaped beads"
gid://shopify/Product/8179066830917,Czech Glass Roller Beads 6mm DARK EMERALD TRANSPARENT,Czech Glass Roller Beads 6mm DARK EMERALD TRANSPARENT,"Czech Glass Roller Beads - Dark Emerald Transparent These Premium Czech glass Roller Beads in color DARK EMERALD are soft, tapered edged, smooth barrel shaped"
gid://shopify/Product/8179066863685,Czech Glass Roller Beads 6mm DARK OLIVINE TRANSPARENT,Czech Glass Roller Beads 6mm DARK OLIVINE TRANSPARENT,"Czech Glass Roller Beads - Dark Olivine Transparent These Premium Czech glass Roller Beads in color DARK OLIVINE are soft, tapered edged, smooth barrel shaped"
gid://shopify/Product/8179066896453,Czech Glass Roller Beads 6mm PERIDOT TRANSPARENT MATTE,Czech Glass Roller Beads 6mm PERIDOT TRANSPARENT MATTE,"Czech Glass Roller Beads - Peridot Transparent Matte These Premium Czech glass Roller Beads in color PERIDOT MATTE are soft, tapered edged, smooth barrel"
gid://shopify/Product/8179066929221,Czech Glass Roller Beads 6mm LIGHT TEAL TRANSPARENT,Czech Glass Roller Beads 6mm LIGHT TEAL TRANSPARENT,"Czech Glass Roller Beads - Light Teal Transparent These Premium Czech glass Roller Beads in color LIGHT TEAL are soft, tapered edged, smooth barrel shaped"
gid://shopify/Product/8179066961989,Czech Glass Roller Beads 6mm TEAL TRANSPARENT,Czech Glass Roller Beads 6mm TEAL TRANSPARENT,"Czech Glass Roller Beads - TEAL TRANSPARENT These Premium Czech glass Roller Beads in color TEAL are soft, tapered edged, smooth barrel shaped beads measuring"
gid://shopify/Product/8179066994757,Czech Glass Roller Beads 6mm LIGHT AQUAMARINE TRANSPARENT,Czech Glass Roller Beads 6mm LIGHT AQUAMARINE TRANSPARENT,"Czech Glass Roller Beads - Light Aquamarine Transparent These Premium Czech glass Roller Beads in color LIGHT AQUAMARINE are soft, tapered edged, smooth barrel"
gid://shopify/Product/8179067027525,Czech Glass Roller Beads 6mm AQUAMARINE TRANSPARENT,Czech Glass Roller Beads 6mm AQUAMARINE TRANSPARENT,"Czech Glass Roller Beads - AQUAMARINE TRANSPARENT These Premium Czech glass Roller Beads in color AQUAMARINE are soft, tapered edged, smooth barrel shaped"
gid://shopify/Product/8179067060293,Czech Glass Roller Beads 6mm DARK AQUAMARINE TRANSPARENT,Czech Glass Roller Beads 6mm DARK AQUAMARINE TRANSPARENT,"Czech Glass Roller Beads - Dark Aquamarine Transparent These Premium Czech glass Roller Beads in color DARK AQUAMARINE are soft, tapered edged, smooth barrel"
gid://shopify/Product/8179067093061,Czech Glass Roller Beads 6mm PINK PEACH TRANSPARENT,Czech Glass Roller Beads 6mm PINK PEACH TRANSPARENT,"Czech Glass Roller Beads - Pink Peach Transparent These Premium Czech glass Roller Beads in color PINK PEACH are soft, tapered edged, smooth barrel shaped"
gid://shopify/Product/8179067125829,Czech Glass Roller Beads 6mm CITRINE TRANSPARENT,Czech Glass Roller Beads 6mm CITRINE TRANSPARENT,"Czech Glass Roller Beads - CITRINE TRANSPARENT These Premium Czech glass Roller Beads in color CITRINE are soft, tapered edged, smooth barrel shaped beads"
gid://shopify/Product/8179067158597,Czech Glass Roller Beads 6mm HYACINTH TRANSPARENT,Czech Glass Roller Beads 6mm HYACINTH TRANSPARENT,"Czech Glass Roller Beads - HYACINTH TRANSPARENT These Premium Czech glass Roller Beads in color HYACINTH are soft, tapered edged, smooth barrel shaped beads"
gid://shopify/Product/8179067191365,Czech Glass Roller Beads 6mm SIAM RUBY TRANSPARENT MATTE,Czech Glass Roller Beads 6mm SIAM RUBY TRANSPARENT MATTE,"Czech Glass Roller Beads - Siam Ruby Transparent Matte These Premium Czech glass Roller Beads in color Siam Ruby Matte are soft, tapered edged, smooth barrel"
gid://shopify/Product/8179067224133,Czech Glass Roller Beads 9mm CHALK WHITE OPAQUE,Czech Glass Roller Beads 9mm CHALK WHITE OPAQUE,"Czech Glass Roller Beads - Chalk White Opaque These Premium Czech glass Roller Beads in color Chalk White Opaque are soft, tapered edged, smooth barrel shaped"
gid://shopify/Product/8179067256901,Czech Glass Roller Beads 9mm BROWN OPAQUE,Czech Glass Roller Beads 9mm BROWN OPAQUE,"Czech Glass Roller Beads - BROWN OPAQUE These Premium Czech glass Roller Beads in color BROWN OPAQUE are soft, tapered edged, smooth barrel shaped beads"
gid://shopify/Product/8179067289669,Czech Glass Roller Beads 9mm DARK BROWN OPAQUE,Czech Glass Roller Beads 9mm DARK BROWN OPAQUE,"Czech Glass Roller Beads - Dark Brown Opaque These Premium Czech glass Roller Beads in color Dark Brown Opaque are soft, tapered edged, smooth barrel shaped"
gid://shopify/Product/8179067322437,Czech Glass Roller Beads 9mm GUNMETAL METALLIC,Czech Glass Roller Beads 9mm GUNMETAL METALLIC,"Czech Glass Roller Beads - Gunmetal Metallic Opaque These Premium Czech glass Roller Beads in color GUNMETAL METALLIC Opaque are soft, tapered edged, smooth"
gid://shopify/Product/8179067355205,Czech Glass Roller Beads 9mm BROWN IRIS METALLIC,Czech Glass Roller Beads 9mm BROWN IRIS METALLIC,"Czech Glass Roller Beads - Brown Iris Metallic Opaque These Premium Czech glass Roller Beads in color Brown Iris Metallic Opaque are soft, tapered edged"
gid://shopify/Product/8179067387973,Czech Glass Roller Beads 9mm BLUE IRIS METALLIC,Czech Glass Roller Beads 9mm BLUE IRIS METALLIC,"Czech Glass Roller Beads - Blue Iris Metallic Opaque These Premium Czech glass Roller Beads in color Blue Iris Metallic Opaque are soft, tapered edged, smooth"
gid://shopify/Product/8179067420741,Czech Glass Roller Beads 9mm AMETHYST OPAQUE,Czech Glass Roller Beads 9mm AMETHYST OPAQUE,"Czech Glass Roller Beads - AMETHYST OPAQUE These Premium Czech glass Roller Beads in color AMETHYST OPAQUE are soft, tapered edged, smooth barrel shaped beads"
gid://shopify/Product/8179067453509,Czech Glass Roller Beads 9mm JET BLACK,Czech Glass Roller Beads 9mm JET BLACK,"Czech Glass Roller Beads - Jet Black Opaque These Premium Czech glass Roller Beads in color JET BLACK Opaque are soft, tapered edged, smooth barrel shaped"
gid://shopify/Product/8179067486277,Czech Glass Roller Beads 9mm TRANSLUCENT BLUE OPAL GLASS,Czech Glass Roller Beads 9mm TRANSLUCENT BLUE OPAL GLASS,Czech Glass Roller Beads - Translucent Blue Opal Glass Opaque These Premium Czech glass Roller Beads in color Translucent Blue Opal Glass Opaque are soft
gid://shopify/Product/8179067519045,Czech Glass Roller Beads 9mm TRANSLUCENT BLUE ALABASTER GLASS,Czech Glass Roller Beads 9mm TRANSLUCENT BLUE ALABASTER GLASS,Czech Glass Roller Beads - Translucent Blue Alabaster Glass Opaque These Premium Czech glass Roller Beads in color Translucent Blue Alabaster Glass Opaque are
gid://shopify/Product/8179067551813,Czech Glass Roller Beads 9mm BLUE OPAQUE,Czech Glass Roller Beads 9mm BLUE OPAQUE,"Czech Glass Roller Beads - BLUE OPAQUE These Premium Czech glass Roller Beads in color BLUE OPAQUE are soft, tapered edged, smooth barrel shaped beads"
gid://shopify/Product/8179067584581,Czech Glass Roller Beads 9mm GREY OPAQUE LUSTER,Czech Glass Roller Beads 9mm GREY OPAQUE LUSTER,"Czech Glass Roller Beads - Grey Opaque Luster These Premium Czech glass Roller Beads in color Grey Opaque Luster are soft, tapered edged, smooth barrel shaped"
gid://shopify/Product/8179067617349,Czech Glass Roller Beads 9mm TRANSLUCENT GREEN OPAL GLASS,Czech Glass Roller Beads 9mm TRANSLUCENT GREEN OPAL GLASS,Czech Glass Roller Beads - Translucent Green Opal Glass Opaque These Premium Czech glass Roller Beads in color Translucent Green Opal Glass Opaque are soft
gid://shopify/Product/8179067682885,Czech Glass Roller Beads 9mm TRANSLUCENT GREEN ALABASTER GLASS,Czech Glass Roller Beads 9mm TRANSLUCENT GREEN ALABASTER GLASS,Czech Glass Roller Beads - Translucent Green Alabaster Glass Opaque These Premium Czech glass Roller Beads in color Translucent Green Alabaster Glass Opaque
gid://shopify/Product/8179067715653,Czech Glass Roller Beads 9mm BLUE TURQUOISE OPAQUE,Czech Glass Roller Beads 9mm BLUE TURQUOISE OPAQUE,"Czech Glass Roller Beads - Blue Turquoise Opaque These Premium Czech glass Roller Beads in color Blue Turquoise Opaque are soft, tapered edged, smooth barrel"
gid://shopify/Product/8179067748421,Czech Glass Roller Beads 9mm LIGHT TURQUOISE OPAQUE,Czech Glass Roller Beads 9mm LIGHT TURQUOISE OPAQUE,"Czech Glass Roller Beads - Light Turquoise Opaque These Premium Czech glass Roller Beads in color Light Turquoise Opaque are soft, tapered edged, smooth barrel"
gid://shopify/Product/8179067781189,Czech Glass Roller Beads 9mm GREEN TURQUOISE OPAQUE,Czech Glass Roller Beads 9mm GREEN TURQUOISE OPAQUE,"Czech Glass Roller Beads - Green Turquoise Opaque These Premium Czech glass Roller Beads in color Green Turquoise Opaque are soft, tapered edged, smooth barrel"
gid://shopify/Product/8179067813957,Czech Glass Roller Beads 9mm TRANSLUCENT PINK,Czech Glass Roller Beads 9mm TRANSLUCENT PINK,"Czech Glass Roller Beads - Translucent Pink Opaque These Premium Czech glass Roller Beads in color TRANSLUCENT PINK Opaque are soft, tapered edged, smooth"
gid://shopify/Product/8179067846725,Czech Glass Roller Beads 9mm PINK OPAQUE,Czech Glass Roller Beads 9mm PINK OPAQUE,"Czech Glass Roller Beads - PINK OPAQUE These Premium Czech glass Roller Beads in color PINK OPAQUE are soft, tapered edged, smooth barrel shaped beads"
gid://shopify/Product/8179067879493,Czech Glass Roller Beads 9mm TRANSLUCENT CITRINE OPAL GLASS,Czech Glass Roller Beads 9mm TRANSLUCENT CITRINE OPAL GLASS,Czech Glass Roller Beads - Translucent Citrine Opal Glass Opaque These Premium Czech glass Roller Beads in color Translucent Citrine Opal Glass Opaque are
gid://shopify/Product/8179067912261,Czech Glass Roller Beads 9mm YELLOW OPAQUE,Czech Glass Roller Beads 9mm YELLOW OPAQUE,"Czech Glass Roller Beads - YELLOW OPAQUE These Premium Czech glass Roller Beads in color YELLOW OPAQUE are soft, tapered edged, smooth barrel shaped beads"
gid://shopify/Product/8179067977797,Czech Glass Roller Beads 9mm MANGO OPAQUE,Czech Glass Roller Beads 9mm MANGO OPAQUE,"Czech Glass Roller Beads - MANGO OPAQUE These Premium Czech glass Roller Beads in color MANGO OPAQUE are soft, tapered edged, smooth barrel shaped beads"
gid://shopify/Product/8179068010565,Czech Glass Roller Beads 9mm ORANGE OPAQUE,Czech Glass Roller Beads 9mm ORANGE OPAQUE,"Czech Glass Roller Beads - ORANGE OPAQUE These Premium Czech glass Roller Beads in color ORANGE OPAQUE are soft, tapered edged, smooth barrel shaped beads"
gid://shopify/Product/8179068043333,Czech Glass Roller Beads 9mm RED OPAQUE,Czech Glass Roller Beads 9mm RED OPAQUE,"Czech Glass Roller Beads - RED OPAQUE These Premium Czech glass Roller Beads in color RED OPAQUE are soft, tapered edged, smooth barrel shaped beads measuring"
gid://shopify/Product/8179068076101,Czech Glass Roller Beads 9mm BURGUNDY  OPAQUE,Czech Glass Roller Beads 9mm BURGUNDY OPAQUE,"Czech Glass Roller Beads - BURGUNDY OPAQUE These Premium Czech glass Roller Beads in color BURGUNDY OPAQUE are soft, tapered edged, smooth barrel shaped beads"
gid://shopify/Product/8179068108869,Czech Glass Roller Beads 9mm SOFT SILVER OPAQUE,Czech Glass Roller Beads 9mm SOFT SILVER OPAQUE,"Czech Glass Roller Beads - Soft Silver Opaque These Premium Czech glass Roller Beads in color Soft Silver Opaque are soft, tapered edged, smooth barrel shaped"
gid://shopify/Product/8179068141637,Czech Glass Roller Beads 9mm SOFT BRONZE OPAQUE,Czech Glass Roller Beads 9mm SOFT BRONZE OPAQUE,"Czech Glass Roller Beads - Soft Bronze Opaque These Premium Czech glass Roller Beads in color Soft Bronze Opaque are soft, tapered edged, smooth barrel shaped"
gid://shopify/Product/8179068174405,Czech Glass Roller Beads 9mm SOFT SLATE BLUE,Czech Glass Roller Beads 9mm SOFT SLATE BLUE,"Czech Glass Roller Beads - Soft Slate Blue Opaque These Premium Czech glass Roller Beads in color Soft Slate Blue Opaque are soft, tapered edged, smooth barrel"
gid://shopify/Product/8179068207173,Czech Glass Roller Beads 9mm SOFT GREEN,Czech Glass Roller Beads 9mm SOFT GREEN,"Czech Glass Roller Beads - Soft Green Opaque These Premium Czech glass Roller Beads in color SOFT GREEN Opaque are soft, tapered edged, smooth barrel shaped"
gid://shopify/Product/8179068239941,Czech Glass Roller Beads 9mm SOFT RED,Czech Glass Roller Beads 9mm SOFT RED,"Czech Glass Roller Beads - Soft Red Opaque These Premium Czech glass Roller Beads in color SOFT RED Opaque are soft, tapered edged, smooth barrel shaped beads"
gid://shopify/Product/8179068272709,Czech Glass Roller Beads 9mm SOFT DARK PURPLE,Czech Glass Roller Beads 9mm SOFT DARK PURPLE,"Czech Glass Roller Beads - Soft Dark Purple Opaque These Premium Czech glass Roller Beads in color Soft Dark Purple Opaque are soft, tapered edged, smooth"
gid://shopify/Product/8179068305477,Czech Glass Roller Beads 6mm CHALK WHITE OPAQUE,Czech Glass Roller Beads 6mm CHALK WHITE OPAQUE,"Czech Glass Roller Beads - Chalk White Opaque These Premium Czech glass Roller Beads in color Chalk White Opaque are soft, tapered edged, smooth barrel shaped"
gid://shopify/Product/8179068371013,Czech Glass Roller Beads 6mm GUNMETAL,Czech Glass Roller Beads 6mm GUNMETAL,"Czech Glass Roller Beads - GUNMETAL OPAQUE These Premium Czech glass Roller Beads in color GUNMETAL Opaque are soft, tapered edged, smooth barrel shaped beads"
gid://shopify/Product/8179068403781,Czech Glass Roller Beads 6mm BROWN IRIS METALLIC,Czech Glass Roller Beads 6mm BROWN IRIS METALLIC,"Czech Glass Roller Beads - Brown Iris Metallic Opaque These Premium Czech glass Roller Beads in color Brown Iris Metallic Opaque are soft, tapered edged"
gid://shopify/Product/8179068436549,Czech Glass Roller Beads 6mm BLUE IRIS METALLIC,Czech Glass Roller Beads 6mm BLUE IRIS METALLIC,"Czech Glass Roller Beads - Blue Iris Metallic Opaque These Premium Czech glass Roller Beads in color Blue Iris Metallic Opaque are soft, tapered edged, smooth"
gid://shopify/Product/8179068469317,Czech Glass Roller Beads 6mm GREEN IRIS METALLIC,Czech Glass Roller Beads 6mm GREEN IRIS METALLIC,"Czech Glass Roller Beads - Green Iris Metallic Opaque These Premium Czech glass Roller Beads in color Green Iris Metallic Opaque are soft, tapered edged"
gid://shopify/Product/8179068502085,Czech Glass Roller Beads 6mm PURPLE IRIS METALLIC,Czech Glass Roller Beads 6mm PURPLE IRIS METALLIC,"Czech Glass Roller Beads - Purple Iris Metallic Opaque These Premium Czech glass Roller Beads in color Purple Iris Metallic Opaque are soft, tapered edged"
gid://shopify/Product/8179068534853,Czech Glass Roller Beads 6mm TRANSLUCENT BLUE OPAL GLASS,Czech Glass Roller Beads 6mm TRANSLUCENT BLUE OPAL GLASS,Czech Glass Roller Beads - Translucent Blue Opal Glass Opaque These Premium Czech glass Roller Beads in color Translucent Blue Opal Glass Opaque are soft
gid://shopify/Product/8179068567621,Czech Glass Roller Beads 6mm JET BLACK AB OPAQUE,Czech Glass Roller Beads 6mm JET BLACK AB OPAQUE,"Czech Glass Roller Beads - Jet Black AB Opaque These Premium Czech glass Roller Beads in color Jet Black AB Opaque are soft, tapered edged, smooth barrel"
gid://shopify/Product/8179068600389,Czech Glass Roller Beads 6mm BLUE TURQUOISE MATTE OPAQUE,Czech Glass Roller Beads 6mm BLUE TURQUOISE MATTE OPAQUE,"Czech Glass Roller Beads - Blue Turquoise Matte Opaque These Premium Czech glass Roller Beads in color Blue Turquoise Matte Opaque are soft, tapered edged"
gid://shopify/Product/8179068633157,Czech Glass Roller Beads 6mm YELLOW OPAQUE,Czech Glass Roller Beads 6mm YELLOW OPAQUE,"Czech Glass Roller Beads - YELLOW OPAQUE These Premium Czech glass Roller Beads in color YELLOW OPAQUE are soft, tapered edged, smooth barrel shaped beads"
gid://shopify/Product/8179068665925,Czech Glass Roller Beads 6mm ORANGE OPAQUE,Czech Glass Roller Beads 6mm ORANGE OPAQUE,"Czech Glass Roller Beads - ORANGE OPAQUE These Premium Czech glass Roller Beads in color ORANGE OPAQUE are soft, tapered edged, smooth barrel shaped beads"
gid://shopify/Product/8179068698693,Czech Glass Roller Beads 6mm RED OPAQUE,Czech Glass Roller Beads 6mm RED OPAQUE,"Czech Glass Roller Beads - RED OPAQUE These Premium Czech glass Roller Beads in color RED OPAQUE are soft, tapered edged, smooth barrel shaped beads measuring"
gid://shopify/Product/8179068731461,Czech Glass Roller Beads 6mm SOFT RED,Czech Glass Roller Beads 6mm SOFT RED,"Czech Glass Roller Beads - Soft Red Opaque These Premium Czech glass Roller Beads in color SOFT RED Opaque are soft, tapered edged, smooth barrel shaped beads"
gid://shopify/Product/8179068764229,Czech Glass Crow Beads 9mm BROWN,Czech Glass Crow Beads 9mm BROWN,"Vintage Czech Glass Crow Beads - BROWN OPAQUE These Vintage Czech glass Crow Beads in color BROWN Opaque are soft, tapered edged, smooth barrel shaped beads"
gid://shopify/Product/8179068796997,Czech Glass Crow Beads 9mm MAUVE,Czech Glass Crow Beads 9mm MAUVE,"Vintage Czech Glass Crow Beads - MAUVE OPAQUE These Vintage Czech glass Crow Beads in color MAUVE Opaque are soft, tapered edged, smooth barrel shaped beads"
gid://shopify/Product/8179068829765,Czech Glass Crow Beads 9mm PURPLE,Czech Glass Crow Beads 9mm PURPLE,"Vintage Czech Glass Crow Beads - PURPLE OPAQUE These Vintage Czech glass Crow Beads in color PURPLE Opaque are soft, tapered edged, smooth barrel shaped beads"
gid://shopify/Product/8179068895301,Czech Glass Crow Beads 9mm BLUE,Czech Glass Crow Beads 9mm BLUE,"Vintage Czech Glass Crow Beads - BLUE OPAQUE These Vintage Czech glass Crow Beads in color BLUE Opaque are soft, tapered edged, smooth barrel shaped beads"
gid://shopify/Product/8179068928069,Czech Glass Crow Beads 9mm GREEN,Czech Glass Crow Beads 9mm GREEN,"Vintage Czech Glass Crow Beads - GREEN OPAQUE These Vintage Czech glass Crow Beads in color GREEN Opaque are soft, tapered edged, smooth barrel shaped beads"
gid://shopify/Product/8179068960837,Czech Glass Crow Beads 9mm YELLOW,Czech Glass Crow Beads 9mm YELLOW,"Vintage Czech Glass Crow Beads - YELLOW OPAQUE These Vintage Czech glass Crow Beads in color YELLOW Opaque are soft, tapered edged, smooth barrel shaped beads"
gid://shopify/Product/8179068993605,Czech Glass Crow Beads 9mm ORANGE,Czech Glass Crow Beads 9mm ORANGE,"Vintage Czech Glass Crow Beads - ORANGE OPAQUE These Vintage Czech glass Crow Beads in color ORANGE Opaque are soft, tapered edged, smooth barrel shaped beads"
gid://shopify/Product/8179069026373,Czech Glass Crow Beads 9mm DARK ORANGE,Czech Glass Crow Beads 9mm DARK ORANGE,"Vintage Czech Glass Crow Beads - Dark Orange Opaque These Vintage Czech glass Crow Beads in color DARK ORANGE Opaque are soft, tapered edged, smooth barrel"
gid://shopify/Product/8179104448581,Plexi-Lalique Flower 20mm Frosted Crystal,Plexi-Lalique Flower 20mm Frosted Crystal,"PLEXI-LALIQUE FLOWER - FROSTED CRYSTAL This Plexi-Lalique Flower is a frosted acrylic flower measuring 20mm, molded in the romantic floral style associated"
gid://shopify/Product/8179104514117,Plexi-Lalique Petals 24mm Frosted Crystal,Plexi-Lalique Petals 24mm Frosted Crystal,"PLEXI-LALIQUE PETALS - FROSTED CRYSTAL This Plexi-Lalique Petals is a frosted acrylic petal shape measuring 24mm, molded in the romantic floral style"
gid://shopify/Product/8179104546885,Plexi-Lalique Daisy 23mm Frosted Crystal,Plexi-Lalique Daisy 23mm Frosted Crystal,"PLEXI-LALIQUE DAISY - FROSTED CRYSTAL This Plexi-Lalique Daisy is a frosted acrylic daisy shape measuring 23mm, molded in the romantic floral style associated"
gid://shopify/Product/8179104579653,Plexi-Lalique Petals 26mm Frosted Crystal,Plexi-Lalique Petals 26mm Frosted Crystal,"PLEXI-LALIQUE PETALS - FROSTED CRYSTAL This Plexi-Lalique Petals is a frosted acrylic petal shape measuring 26mm, molded in the romantic floral style"
gid://shopify/Product/8179104677957,Plexi-Lalique Petals 34mm Frosted Crystal,Plexi-Lalique Petals 34mm Frosted Crystal,"PLEXI-LALIQUE PETALS - FROSTED CRYSTAL This Plexi-Lalique Petals is a frosted acrylic petal shape measuring 34mm, molded in the romantic floral style"
gid://shopify/Product/8179104710725,Plexi-Lalique Daisy button 23mm Frosted Crystal,Plexi-Lalique Daisy button 23mm Frosted Crystal,"Plexi-Lalique Daisy Button - FROSTED CRYSTAL This Plexi-Lalique Daisy button is a frosted acrylic daisy button measuring 23mm, molded in the romantic floral"
gid://shopify/Product/8179104743493,Plexi-Lalique Daisy button 17mm Frosted Crystal,Plexi-Lalique Daisy button 17mm Frosted Crystal,"Plexi-Lalique Daisy Button - FROSTED CRYSTAL This Plexi-Lalique Daisy button is a frosted acrylic daisy button measuring 17mm, molded in the romantic floral"
gid://shopify/Product/8179104776261,Plexi-Lalique Petals 17mm Frosted Crystal,Plexi-Lalique Petals 17mm Frosted Crystal,"PLEXI-LALIQUE PETALS - FROSTED CRYSTAL This Plexi-Lalique Petals is a frosted acrylic petal shape measuring 17mm, molded in the romantic floral style"
gid://shopify/Product/8179104809029,Plexi-Lalique Leaf 25x15mm Frosted Crystal,Plexi-Lalique Leaf 25x15mm Frosted Crystal,"PLEXI-LALIQUE LEAF - FROSTED CRYSTAL This Plexi-Lalique Leaf is a frosted acrylic leaf measuring 25x15mm, molded in the romantic floral style associated with"
gid://shopify/Product/8179104841797,Plexi-Lalique Leaf 18x24mm Frosted Crystal,Plexi-Lalique Leaf 18x24mm Frosted Crystal,"PLEXI-LALIQUE LEAF - FROSTED CRYSTAL This Plexi-Lalique Leaf is a frosted acrylic leaf measuring 18x24mm, molded in the romantic floral style associated with"
gid://shopify/Product/8179104874565,Plexi-Lalique Leaf 27x26mm Frosted Crystal,Plexi-Lalique Leaf 27x26mm Frosted Crystal,"PLEXI-LALIQUE LEAF - FROSTED CRYSTAL This Plexi-Lalique Leaf is a frosted acrylic leaf measuring 27x26mm, molded in the romantic floral style associated with"
gid://shopify/Product/8179104940101,Plexi-Lalique Leaf 21x20mm Frosted Crystal,Plexi-Lalique Leaf 21x20mm Frosted Crystal,"PLEXI-LALIQUE LEAF - FROSTED CRYSTAL This Plexi-Lalique Leaf is a frosted acrylic leaf measuring 21x20mm, molded in the romantic floral style associated with"
gid://shopify/Product/8179104972869,Plexi-Lalique Leaves 34x32mm Frosted Crystal,Plexi-Lalique Leaves 34x32mm Frosted Crystal,"PLEXI-LALIQUE LEAVES - FROSTED CRYSTAL This Plexi-Lalique Leaves is a frosted acrylic leaf cluster measuring 34x32mm, molded in the romantic floral style"
gid://shopify/Product/8179105005637,Plexi-Lalique Leaf 52.5x15mm Frosted Crystal,Plexi-Lalique Leaf 52.5x15mm Frosted Crystal,"PLEXI-LALIQUE LEAF - FROSTED CRYSTAL This Plexi-Lalique Leaf is a frosted acrylic leaf measuring 52.5x15mm, molded in the romantic floral style associated with"
gid://shopify/Product/8179105038405,Plexi-Lalique Leaf 41x15mm Frosted Crystal,Plexi-Lalique Leaf 41x15mm Frosted Crystal,"PLEXI-LALIQUE LEAF - FROSTED CRYSTAL This Plexi-Lalique Leaf is a frosted acrylic leaf measuring 41x15mm, molded in the romantic floral style associated with"
gid://shopify/Product/8179105103941,Plexi-Lalique Petals 30x17mm Frosted Crystal,Plexi-Lalique Petals 30x17mm Frosted Crystal,"PLEXI-LALIQUE PETALS - FROSTED CRYSTAL This Plexi-Lalique Petals is a frosted acrylic petal shape measuring 30x17mm, molded in the romantic floral style"
gid://shopify/Product/8179105169477,Plexi-Lalique Leaf 27x10mm Frosted Crystal,Plexi-Lalique Leaf 27x10mm Frosted Crystal,"PLEXI-LALIQUE LEAF - FROSTED CRYSTAL This Plexi-Lalique Leaf is a frosted acrylic leaf measuring 27x10mm, molded in the romantic floral style associated with"
gid://shopify/Product/8179873284165,RIM CHATONMONTEE SET WITH PRECIOSA MC CRYSTAL OPTIMA CHATONS 13ss - CRYSTAL/SILVER,RIM CHATONMONTEE SET WITH PRECIOSA MC CRYSTAL OPTIMA CHATONS 13ss - CRYSTAL/SILVER,Chatonmontee Set With Preciosa Mc Crystal Optima Chatons Premium crystal ChatonMontee featuring Preciosa MC Crystal Optima stones in a brilliant crystal finish
gid://shopify/Product/8180773781573,RIM CHATONMONTEE SET WITH PRECIOSA MC CRYSTAL OPTIMA CHATONS 16ss - CRYSTAL/SILVER,RIM CHATONMONTEE SET WITH PRECIOSA MC CRYSTAL OPTIMA CHATONS 16ss - CRYSTAL/SILVER,Chatonmontee Set With Preciosa Mc Crystal Optima Chatons Premium crystal ChatonMontee featuring Preciosa MC Crystal Optima stones in a brilliant crystal finish
gid://shopify/Product/8180775387205,RIM CHATONMONTEE SET WITH PRECIOSA MC CRYSTAL OPTIMA CHATONS 20ss - CRYSTAL/SILVER,RIM CHATONMONTEE SET WITH PRECIOSA MC CRYSTAL OPTIMA CHATONS 20ss - CRYSTAL/SILVER,Chatonmontee Set With Preciosa Mc Crystal Optima Chatons Premium crystal ChatonMontee featuring Preciosa MC Crystal Optima stones in a brilliant crystal finish
gid://shopify/Product/8180777615429,RIM CHATONMONTEE SET WITH PRECIOSA MC CRYSTAL OPTIMA CHATONS 30ss - CRYSTAL/SILVER,RIM CHATONMONTEE SET WITH PRECIOSA MC CRYSTAL OPTIMA CHATONS 30ss - CRYSTAL/SILVER,Chatonmontee Set With Preciosa Mc Crystal Optima Chatons Premium crystal ChatonMontee featuring Preciosa MC Crystal Optima stones in a brilliant crystal finish
gid://shopify/Product/8180779679813,RIM CHATONMONTEE SET WITH PRECIOSA MC CRYSTAL OPTIMA CHATONS 34ss - CRYSTAL/SILVER,RIM CHATONMONTEE SET WITH PRECIOSA MC CRYSTAL OPTIMA CHATONS 34ss - CRYSTAL/SILVER,Chatonmontee Set With Preciosa Mc Crystal Optima Chatons Premium crystal ChatonMontee featuring Preciosa MC Crystal Optima stones in a brilliant crystal finish
gid://shopify/Product/8183133569093,Czech Glass Roller Beads 9mm TOPAZ TRANSPARENT MATTE,Czech Glass Roller Beads 9mm TOPAZ TRANSPARENT MATTE,"Czech Glass Roller Beads - Topaz Transparent Matte These Premium Czech glass Roller Beads in color TOPAZ MATTE are soft, tapered edged, smooth barrel shaped"
gid://shopify/Product/8183133634629,Czech Glass Roller Beads 6mm LIGHT SAPPHIRE TRANSPARENT,Czech Glass Roller Beads 6mm LIGHT SAPPHIRE TRANSPARENT,"Czech Glass Roller Beads - Light Sapphire Transparent These Premium Czech glass Roller Beads in color LIGHT SAPPHIRE are soft, tapered edged, smooth barrel"
gid://shopify/Product/8183147954245,Plexi-Lalique Petals 27mm Frosted Crystal,Plexi-Lalique Petals 27mm Frosted Crystal,"PLEXI-LALIQUE PETALS - FROSTED CRYSTAL This Plexi-Lalique Petals is a frosted acrylic petal shape measuring 27mm, molded in the romantic floral style"
gid://shopify/Product/8188640395333,2 CUT 11/0 TOPAZ TRANSPARENT LOOSE PRECIOSA ORNELA BEADS,2 Cut 11/0 Topaz Transparent Loose Preciosa Ornela Beads,"Preciosa Ornela Two Cut Bead 11/0 - 10050 Topaz Transparent Bead These Czech 2 Cut Beads are made by Preciosa Ornela in the Czech Republic, sized 11/0"
gid://shopify/Product/8188640428101,2 CUT 11/0 ROOT BEER TRANSPARENT PRECIOSA ORNELA BEADS,2 Cut 11/0 Root Beer Transparent Preciosa Ornela Beads,"Preciosa Ornela Two Cut Bead 11/0 - 10140 Root Beer Transparent These Czech 2 Cut Beads are made by Preciosa Ornela in the Czech Republic, sized 11/0"
gid://shopify/Product/8188640460869,2 CUT 11/0 CREAM LUSTER BLUE LINED PRECIOSA ORNELA BEADS,2 Cut 11/0 Cream Luster Blue Lined Preciosa Ornela Beads,"Preciosa Ornela Two Cut Bead 11/0 - 11022 Cream Luster Blue Lined These Czech 2 Cut Beads are made by Preciosa Ornela in the Czech Republic, sized 11/0"
gid://shopify/Product/8188640493637,2 CUT 11/0 AQUA LUSTER BEIGE LINED PRECIOSA ORNELA BEADS,2 Cut 11/0 Aqua Luster Beige Lined Preciosa Ornela Beads,"Preciosa Ornela Two Cut Bead 11/0 - 61017 Aqua Luster Beige Lined These Czech 2 Cut Beads are made by Preciosa Ornela in the Czech Republic, sized 11/0"
gid://shopify/Product/8188640526405,2 CUT 11/0 AQUA LUSTER RED LINED PRECIOSA ORNELA BEADS,2 Cut 11/0 Aqua Luster Red Lined Preciosa Ornela Beads,"Preciosa Ornela Two Cut Bead 11/0 - 61018 Aqua Luster Red Lined These Czech 2 Cut Beads are made by Preciosa Ornela in the Czech Republic, sized 11/0"
gid://shopify/Product/8188640559173,2 CUT 11/0 CITRINE LUSTER LT. GREEN LINED PRECIOSA ORNELA BEADS,2 Cut 11/0 Citrine Luster Light Green Lined Preciosa Ornela Beads,"Preciosa Ornela Two Cut Bead 11/0 - 81012 Citrine Luster Lt. GREEN LINED These Czech 2 Cut Beads are made by Preciosa Ornela in the Czech Republic, sized 11/0"
gid://shopify/Product/8188640624709,2 CUT 11/0 AMBER SATIN PRECIOSA ORNELA BEADS,2 Cut 11/0 Amber Satin Preciosa Ornela Beads,"Preciosa Ornela Two Cut Bead 11/0 - 15041 AMBER SATIN These Czech 2 Cut Beads are made by Preciosa Ornela in the Czech Republic, sized 11/0 (approximately"
gid://shopify/Product/8188640755781,2 CUT 11/0 BLUE SATIN PRECIOSA ORNELA BEADS,2 Cut 11/0 Blue Satin Preciosa Ornela Beads,"Preciosa Ornela Two Cut Bead 11/0 - 35061 BLUE SATIN These Czech 2 Cut Beads are made by Preciosa Ornela in the Czech Republic, sized 11/0 (approximately"
gid://shopify/Product/8188640854085,2 CUT 11/0 AQUA SATIN PRECIOSA ORNELA BEADS,2 Cut 11/0 Aqua Satin Preciosa Ornela Beads,"Preciosa Ornela Two Cut Bead 11/0 - 65021 AQUA SATIN These Czech 2 Cut Beads are made by Preciosa Ornela in the Czech Republic, sized 11/0 (approximately"
gid://shopify/Product/8188640886853,2 CUT 11/0 YELLOW SATIN PRECIOSA ORNELA BEADS,2 Cut 11/0 Yellow Satin Preciosa Ornela Beads,"Preciosa Ornela Two Cut Bead 11/0 - 85011 YELLOW SATIN These Czech 2 Cut Beads are made by Preciosa Ornela in the Czech Republic, sized 11/0 (approximately"
gid://shopify/Product/8188640952389,2 CUT 11/0 RED SATIN PRECIOSA ORNELA BEADS,2 Cut 11/0 Red Satin Preciosa Ornela Beads,"Preciosa Ornela Two Cut Bead 11/0 - 95081 RED SATIN These Czech 2 Cut Beads are made by Preciosa Ornela in the Czech Republic, sized 11/0 (approximately"
gid://shopify/Product/8188640985157,2 CUT 11/0 CRYSTAL LUSTER BLACK LINED PRECIOSA ORNELA BEADS,2 Cut 11/0 Crystal Luster Black Lined Preciosa Ornela Beads,"Preciosa Ornela Two Cut Bead 11/0 - 38049 Crystal Luster Black Lined These Czech 2 Cut Beads are made by Preciosa Ornela in the Czech Republic, sized 11/0"
gid://shopify/Product/8188641083461,2 CUT 11/0 CRYSTAL LUSTER BEIGE LINED PRECIOSA ORNELA BEADS,2 Cut 11/0 Crystal Luster Beige Lined Preciosa Ornela Beads,"Preciosa Ornela Two Cut Bead 11/0 - 38115 Crystal Luster Beige Lined These Czech 2 Cut Beads are made by Preciosa Ornela in the Czech Republic, sized 11/0"
gid://shopify/Product/8188641148997,2 CUT 11/0 CRYSTAL LUSTER GREY LINED PRECIOSA ORNELA BEADS,2 Cut 11/0 Crystal Luster Grey Lined Preciosa Ornela Beads,"Preciosa Ornela Two Cut Bead 11/0 - 38117 Crystal Luster Grey Lined These Czech 2 Cut Beads are made by Preciosa Ornela in the Czech Republic, sized 11/0"
gid://shopify/Product/8188641181765,2 CUT 11/0 CRYSTAL LUSTER LT.FUCHSIA LINED PRECIOSA ORNELA BEADS,2 Cut 11/0 Crystal Luster Light Fuchsia Lined Preciosa Ornela Beads,"Preciosa Ornela Two Cut Bead 11/0 - 38124 Crystal Luster Lt. FUCHSIA LINED These Czech 2 Cut Beads are made by Preciosa Ornela in the Czech Republic, sized"
gid://shopify/Product/8188641280069,2 CUT 11/0 CRYSTAL LUSTER LT. BLUE LINED PRECIOSA ORNELA BEADS,2 Cut 11/0 Crystal Luster Light Blue Lined Preciosa Ornela Beads,"Preciosa Ornela Two Cut Bead 11/0 - 38132 Crystal Luster Lt. BLUE LINED These Czech 2 Cut Beads are made by Preciosa Ornela in the Czech Republic, sized 11/0"
gid://shopify/Product/8188641312837,2 CUT 11/0 CRYSTAL LUSTER SEA BLUE LINED PRECIOSA ORNELA BEADS,2 Cut 11/0 Crystal Luster Sea Blue Lined Preciosa Ornela Beads,"Preciosa Ornela Two Cut Bead 11/0 - 38136 Crystal Luster Sea Blue Lined These Czech 2 Cut Beads are made by Preciosa Ornela in the Czech Republic, sized 11/0"
gid://shopify/Product/8188641345605,2 CUT 11/0 CRYSTAL LUSTER LT. GREEN LINED PRECIOSA ORNELA BEADS,2 Cut 11/0 Crystal Luster Light Green Lined Preciosa Ornela Beads,"Preciosa Ornela Two Cut Bead 11/0 - 38154 Crystal Luster Lt. GREEN LINED These Czech 2 Cut Beads are made by Preciosa Ornela in the Czech Republic, sized 11/0"
gid://shopify/Product/8188641378373,2 CUT 11/0 CRYSTAL LUSTER LT. AQUA LINED PRECIOSA ORNELA BEADS,2 Cut 11/0 Crystal Luster Light Aqua Lined Preciosa Ornela Beads,"Preciosa Ornela Two Cut Bead 11/0 - 38163 Crystal Luster Lt. AQUA LINED These Czech 2 Cut Beads are made by Preciosa Ornela in the Czech Republic, sized 11/0"
gid://shopify/Product/8188641411141,2 CUT 11/0 CRYSTAL LUSTER LT. PINK LINED PRECIOSA ORNELA BEADS,2 Cut 11/0 Crystal Luster Light Pink Lined Preciosa Ornela Beads,"Preciosa Ornela Two Cut Bead 11/0 - 38173 Crystal Luster Lt. PINK LINED These Czech 2 Cut Beads are made by Preciosa Ornela in the Czech Republic, sized 11/0"
gid://shopify/Product/8188641443909,2 CUT 11/0 CRYSTAL LUSTER YELLOW LINED PRECIOSA ORNELA BEADS,2 Cut 11/0 Crystal Luster Yellow Lined Preciosa Ornela Beads,"Preciosa Ornela Two Cut Bead 11/0 - 38182 Crystal Luster Yellow Lined These Czech 2 Cut Beads are made by Preciosa Ornela in the Czech Republic, sized 11/0"
gid://shopify/Product/8188641476677,2 CUT 11/0 CRYSTAL LUSTER LT. PEACH LINED PRECIOSA ORNELA BEADS,2 Cut 11/0 Crystal Luster Light Peach Lined Preciosa Ornela Beads,"Preciosa Ornela Two Cut Bead 11/0 - 38187 Crystal Luster Lt. PEACH LINED These Czech 2 Cut Beads are made by Preciosa Ornela in the Czech Republic, sized 11/0"
gid://shopify/Product/8188641509445,2 CUT 11/0 CRYSTAL LUSTER STRAWBERRY LINED PRECIOSA ORNELA BEADS,2 Cut 11/0 Crystal Luster Strawberry Lined Preciosa Ornela Beads,"Preciosa Ornela Two Cut Bead 11/0 - 38198 Crystal Luster Strawberry Lined These Czech 2 Cut Beads are made by Preciosa Ornela in the Czech Republic, sized 11/0"
gid://shopify/Product/8188641574981,2 CUT 11/0 CRYSTAL TRANSPARENT LUSTER PRECIOSA ORNELA BEADS,2 Cut 11/0 Crystal Transparent Luster Preciosa Ornela Beads,"Preciosa Ornela Two Cut Bead 11/0 - 48102 Crystal Transparent Luster These Czech 2 Cut Beads are made by Preciosa Ornela in the Czech Republic, sized 11/0"
gid://shopify/Product/8188641607749,2 CUT 11/0 ROOT BEER TRANSPARENT SILVER LINED LOOSE PRECIOSA ORNELA BEADS,2 Cut 11/0 Root Beer Transparent Silver Lined Loose Preciosa Ornela Beads,Preciosa Ornela Two Cut Bead 11/0 - 17140 Root Beer Transparent Silver Lined Bead These Czech 2 Cut Beads are made by Preciosa Ornela in the Czech Republic
gid://shopify/Product/8188641640517,2 CUT 11/0 AQUAMARINE TRANSPARENT SILVER LINED PRECIOSA ORNELA BEADS,2 Cut 11/0 Aquamarine Transparent Silver Lined Preciosa Ornela Beads,"Preciosa Ornela Two Cut Bead 11/0 - 67020 Aquamarine Transparent Silver Lined These Czech 2 Cut Beads are made by Preciosa Ornela in the Czech Republic, sized"
gid://shopify/Product/8188641673285,2 CUT 11/0 LIGHT SIAM RUBY TRANSPARENT SILVER LINED PRECIOSA ORNELA BEADS,2 Cut 11/0 Light Siam Ruby Transparent Silver Lined Preciosa Ornela Beads,Preciosa Ornela Two Cut Bead 11/0 - 97070 Light Siam Ruby Transparent Silver Lined These Czech 2 Cut Beads are made by Preciosa Ornela in the Czech Republic
